kR7MKgh8zUXHE0YLVZXkkQgrp2RoO8bZKGpaFpWI32lGw73bsb91PQJ9TiZV4xnz2iYa40O8ScrLGMyvk/1AD1JaAIkj67VYyWEdj25jaXE=,yes
HNws0I2aqaFKFEgLpNha3LS+FQkdpPewuS0H7cprVclcLRoust+xy96OET2Bp9kNceXWeXUTpSz1uQTpY5s2Y3pUBfuSudXgEw2p7O/e65o=,no
ynlvWObZ8CihL/e5tAgma11/lGMhWp1Lwnr8xL304rm1mg5OsK6FMywQ+mByZNfnRIXsqtZGFDrc5k6Ben5ufyvtMp4udiP0yXOliGeNEos=,yes
/ZNGtikG+JZWJPVqK67vdeCxDSCsTHOv5rIFUNVtilEjPR196c3zOiDbvMMUckFLchw90qzByJTM70T3Cendlq1Sem2mRPVGVjsABruiyjc=,no
n8KMaDq1DXqqutO5XU5ILBKUjnah0dommOguwluZhhIqoUoW8bye0jH+zQ0UQdx6+ZGxvMIYADg9AeNDrrU4VN/ezgctSDAFQSGsTDIcs8Y=,yes
fAExuCfXd1ybkST93SSIwxTs9xaMAOVDQF8cAtbEd/JtlfgSe0L+q5tXSnE4C/SgezsIBafXFV1DETaaKvdBRI4vbr0BNzb+rrpH/4eSw+Y=,no
BuGaPYt/tvUDMHU8UMHltWzqs5/VXIOqnQI/5C2VHYJ8deCzH36hVDaW4lo+jnIaLlylU6VnZmMCCmjJawnV4IAKxNvd4c5EGV9JF10P5tM=,yes
SUCtnlbCuHnCJv5vN2/pgzZlSPQeXivcxuUFkh6xdkOFOQclryeI+sKDaLLtpyDhv/cSnbXVJY/B0amgYUISgUeX+sQcSqhbHnmQZNiDc+Q=,no
nMLW2VqwUKED0CeobAQDLtp7qNrWCP27d3GsxXMpchf6D+9GLvFkBAGFzDL5nZQnmYoVHL2cVQoP4UeHSh4gyOufEvHfBf4z9FfoNxBIx+8=,yes
aRol+zUJVt4N+U4r5J1rGlbatWehK6Ixy6cCooxkpw7m0+Xkymod9FY8OvCAqRV1yE3q/F8L2jd55j7v1t8GEwmFs1W/0HOSjnUdS5umvZk=,no
LYaB0PTSsggriFkMkijyCqqpKYengVsZre7+2bcudRGr/PKB6zkOGu5MrxWq6f0rPW0Hf/Jm30A4HJhadG4CPqohcN5jiGMq/iVSxZvFZ1I=,yes
FvQBQM9BlRe4nwGLthAJErPe+ge5sz1IRERwmlQLME2xrJ0ywHQtNtfyY8BKLB9OwNHBpypjE8dSX0cM6ZetGvgxBlBwGRKXTAbfBJhPBwY=,no
cdrzXFpzstjQ4o8cYxxtBupLTbGoDmH9PKj5PBLalLvuxlHGWGnB1v4yz9vNsMvQvZyu9+0S6+7iX2yyBZ/ohAYWj2pZ1VrfjKBfBiPvovk=,yes
ZYfYkeN+MfDmyOAQjfzdjdoY1nuZHFvzx7J4BcXuP2jS1n4cWUMaOomlrQ38NOTWwqe9HCvn0/E5L13GzqGTMnqN+ok7EFtF/DJbV+w16hI=,no
ycmQgOpLWwH3HqUSATyNDrjaDWiWLuPu3AjjLUtR9NAKplQ1jODzYxttu/i0f4i/D9G0tjczQUXoWz4DDxQQ7U87EB2hikL1QEmFp1dWWfs=,yes
tnY14eXI3gyRwxbQRa/yitR/+huAMflpljjnfPPAfv9iPvHzMuagldfA3pdfTSBoqq1BRFZ7E2IYo93A4ECz9TFYr1d5Oek3CjN1Vw0Wdu0=,no
9oNp+l5CWQPhZc1VdhrykoXB9uTCCis66vhFRxES54At5RZQ/MtLD8sJD4vHlv2lCnIKUnjQ3ZQpeiD4rZd0OeIBtWy5s+sVJq7Li+fgsvI=,yes
BreiB9I43TV9dyEszQK64y39SwsYSBuawHF2P0qWE9Ym8QKy5xRuDIlf9haclIScmZbTKzACnV/igWsyn4ilTYlN1KOGuz2g41lCjhrBAc4=,no
/YI/w8sBSxxZSm90/HiCjHq7Z73Q0QghefoUcZSwTklKdvSWEihTDFBM+3oekCSL/ZyVhPJ+FjkOr3cFM0w6Qi6pUo5TXcELMUE/KMaEXYI=,yes
qInCGVRhX4EVesZPTEalePS3YQygJdPsetFFdPfjzmu+ypCJfPuwB7isXvXVT4tIrIjJqUv1xYCqFHgPAX0hMqnlZxE0AHo+xXpd3948JVA=,no
pV3I77krUvt4KGpCvrDq6CWb21GinMANQoM83URsWv85yp8r2B9g7hlnxymA6o3+6YFZMqWibZRgahg3iDqUA5ok1iWrJkABqwiUy3IhaVg=,yes
Swi21uKAg5HOegjxgXa5btInY6zbX5gx+k3Q4czeOp52rlhO0gBiM2DXBFMmVmXqc+lZIInYHZfz59qbdKFeuKiSvdvsBIZ8vlU+krv5ASs=,no
91Zuo4aoS66uL7nj7bvCjLJG3viCJnWxY6iqvz1/lXVPqEpbE5CNI9skpT/50SWIw0e84LBHNzSYnjNFTO2DKSyuhqdfRb79WPf+hDqCQMA=,yes
F1CaWqq+Cs/QLHbJUo2xDc/LU3sWXV3OMiJwuGYf3FqEhDePMuz+tSCGzXF0dV5iuGfGyJuwuWninLjMRiGVI+y4xSi4douLoiyWymZh5kI=,no
rAhyjhWb4KTt+sWS7XxY74UjVt6o4SI+Ots2+vAfeKr54VrBEgtmKqZ/WinchwyVlZkTQLf5goMItzHdznLIchZhV642iv4sgfa2lUyTUNs=,yes
DzXAxi6bBhq5TtAV5HUHOTFDtGLrpgjIF9eRJ5T5KA0Of7HHENF/wKfT9amjF/aQGAPca6D38dy9lc4tqPn8CZVvy0iQ5aPgXazFr3Aa27U=,no
/f6Rd3oA8vFLQMk7cLdE0CYiXpJZcAnavrjEf8ZonmEOv3ffr5znT9RT/lsq1Dnz8DLcBTzOBVyTS7B2/21WStG+QFNPm5XQHY77xmh5Xag=,yes
ogF6Qo1J/ZfRc5Z1R0VjPjjEDP/H4qPl8LOhVIox74oeXihK+EtZ4OCCUswOJwGbIeDB5UEfSWwyqxOeJvdxfT+MDSmBoMcy5gpCC7tcqFs=,no
+B1BZKRlP+FJks3hoE8c9/Ymr5MZTlIFA61I+u7QLFvQyRuFRHIKHGX9L2PQPY21W10SiPS/JrdY0ZxdyOGGo560BDPcAe0Nvth37zQ+jHw=,yes
xCneJUwrZoOqbxE18vS7c4y8td0xqScp7semMVXqU9paFIO14wN5wGmrwGwu5GSknkaxHXriOeWn7ch6mNGdhPXz34a0Nm7MyuV40//4SL4=,no
5YPqqq/huBf6jdzOHh9/yW+O7wA2rXcuYLhJ8lX11cEPSf7QHXs5wr9P5HubGi6IbG3idG3Q5OkAZXiNiP35Vwq10qby1id0Lx9cGn7Rqls=,yes
VjN9VNNoV0WkH6LpzS/WtpKD9SuvNefEizlyjkZ7nRFffD2reB96eSeWp3xwqPLFXa7edtNde6X5i3bIqN655MzNmBxltPpAH5gZcPx4ee8=,no
AryjbekrQPUUpvIHnVjv0nd+uWupbDnW7XxOGVxKFC64HdIFX6vpUyJUIBwa8CmjvE3A3sxwvtqonz6gj0ulNixopGv/FCpBQvjSH1YsJVE=,yes
+EitUVBeegySvcpKUOSIYuBHe/BqmoWKsANH/qXIG7U1Bq/mz+EJjzyeJbxtR0AS442xCwD3YEfRUZFc6VGFq7JQlD0tW/vc3ErjprPmUXU=,no
xQTk8BIxh2X07DmvlcMQnSOvmi7UsQUFyy4SXtFsBH2jbJADREXk8J4/uufUIEeO6VPqqoJcD9mSSa1pHC2B6EqICwj/vMDJ+su+dkQS+Dg=,yes
rL55k3InPRUbq5SCjid7v7iMmidSVLvLmRk7YlA4EFdeUR4JB/zqd9ySOFDwm7icw72tY7jWROJc7cvq1nuGDncgzTB8B5uIgy/+CJrrIb0=,no
m76UEKp8qGnGmZzEXMcuQ98VCm2U4OxwMQ7onY751/fTOxELCbVV45WyepsbPx56UILtU7mfmw8+skKY916FYIu28RntCZKHAcEl/+x75R0=,yes
8EfCwUidu+JbM2o4oPit+ysTiasN98qAA1mtiuPn3eqrQC1YUQMhGZTJ5jXvP8IdTtI60yozSk0C9UdshPkQbl01nfYIe1eKLs/3XbQS5Qc=,no
mhkOSOmJSWxL+v+iiXiTjOtR7/Mh4lFTfu8dVBr8oIacRXYV2tUK8Wv6U3P1LjtxHqoTbPVdjgJMJlS75VecNfBTRYl4vztKv/Fkz+hBw84=,yes
GKcPsYy+DyM1cH4tSGqrvF6F6QTVC1yiA5fR5VqBY+KLe0yW2TnA9BBL+kXZKjmnHEXG1mXNSbyRY+9++ilBHCy4YFWiR3iVMTGD3P9PWEA=,no
ZXoc9qyuDV3bu5HzD70rmoxv8RTj7hYDhLRtyjikfpFeYFqPBP71Y1RsZcV2hUf24c9gAaoF77Hoq8U5vkpaYWxUcjRWy6eGWcT6bclro4g=,yes
CQQdr6qYl++iVIxhvxpCGhlrE+6YfQ48y35rQgoLtpMmWtj9b76knyBzMIiGof3xpsZGgGXt/ZwySfisssjo0ZiNvmdsZ+fLsbGLAyGHZVM=,no
6TkcQZECkziBEQOedJwAe6ImApmeN8Ca2jn2hixkaCal/jbNZ5CrHLYNXpL2RGtSE1I24/7jj9zY6dPaJdFvUOYe59hdCoXd9A3V9AjIU5g=,yes
Jz08u50TbbdRKNf10+CkWm5AhYYmfkV8BMwXaHgPWQ1B1Thu9wAswiVbeYFl7PLo8CzSAFop71PzmW33pZAkmvTnbG12mqLAMR8DRGPO6ow=,no
cMm1bZ4duCbQMh53ss5TbQ+q4cg+YMcVY6Ts7+jmTypLKvMyc1ro0zD/f4Oa/Ty+ittEfsRY13J+R+4wpij6H+VQQbpspll5w7k2Pwdfc3w=,yes
ywWOdAXeOoC8QBCQo3yumFWXPdaFhGpzxwdvv/VW2+kC4t5eiDoqCUhWg8/RGDVdJ+qF9UJ/DjRxUIncs+cSpi4cktn6FD78eW/Qr3qDSh8=,no
+ICStIwjIMUOFdJg5To4O7xFzAGjwKxylpVSBFO9hqrw/1YLNdQkh7eSKLV8GiWim2Dr1riU6mKWKr0+z5hL+RkdLFMPoZJCM/esoB+SOOo=,yes
RQV9hXb1f3gKzV0UpLXJp8Oazpvma8jNhpO/E9JEv+RawHlleyxiOZJWr5Z2ChyBqHiHEcURRfM7VWcGJ062ZusnR3NtlSw329JlAwLtkIg=,no
N8wjdu5e85+twNE0QseOWIWQYVEp4MbOSo6fh/sdHJzbJArbGdPl/K4j5xuDaUdd5AbO5y5hWO3Y0NJuECise53qmx6ta2W2pM1SyHuSU6o=,yes
o6atvw/4F08hpoRrFdEBY5ZZQVlsVLkKLG73fs3OnpPKO812luTrAv7xKWYOXFUbsbnCiexsfJtaqfxBIEpFaxKWstd/z56KocJ3vW0t4og=,no
TyxYuyt+DDHC6z1tL7R5EUDv6WUwchAabtT9y1henkXj3beZ+MjX6gcPVS+35PfHNk+WndtE8nPSok/qPFiTa6cEb+B6+vMzSiLDz5GxrDY=,yes
bhby/+z/Ve6pXgg+6/wVOalGMgltG0KLvX+SCioQ/FJFslcfS38x3Qy49fK20IV2pCfU81LI3dq7UEWXMKEqTCdkV+opt67pyoYqFJrtkOg=,no
FfPtFGPrmsQipkaCjR04Rem0dIIXjLYU/PFhw6BONqWSBTMLnM1FoFH4q7hq6y6JZPjg4i5XuEMRoDliNP7UzKN2LM2bONKf+JzwFr5v16E=,yes
shG6+uVSIEGL+6GowhbZWbuhb62btB2eTd0a8FBNVMG9lKea9MSQZTF2v7+bzsm9OEdZz/DQaqKasjumK3oSAtqgxzyFhxWk0lEqSGISu+8=,no
geWS/KJmmOOAfQjRn7r/9nyyAq6CbAyIyTYDKcP6abBDzRW73QtCPzzyGkgKGorpCPAb1CK/bSCl3YGYjk6eXifoZhQ8KFax48CTRcEPb4M=,yes
rGqf3lhP500QT0SEXFGB8FJ1a4ow1gTEceVfBRho/ChNGcqK0C4Gbi8I3rv1AMW6gjQ6ILcxqQypUWkUBZQv3J0jmqsKw1E8XpUOnAcPGo4=,no
fb/DpmtSisoV5uBZU/asEwtMYx5IR5QP6gFllgqfLODd64iv/lC3pjEA7YIEvYqkwKlPUaMeEeqXHDnRt2h49tAAEDg8X+JRKvYkpodmZm0=,yes
fAh7VC9d1h/ttJYUCOh9PfrZdWEB4UKhcsIuhvIJkP+MasZigZmkjZo6MhwKq9cZbAN89wQeOWrf8P4fz/Pq3XRTjXLAwwh+G1wiySSKJdI=,no
Y+p2YXgXuCWqTN6z56NTeU8Ncqqx9GpBsvS9qecVrgGrxU0VUtP+hyjPiYjkPWUe7mQAlMQUeERsaLoTbP8V4MTX4CUgzgup13JIMX4fBeU=,yes
2HjHTSVeRBXv5UNP6/pWtEJXdcCinz0OiyO6LjhOyjAoJLd/PcLNxC2sb8OnnGS+RTo6kQshkWvtiqFtnexGVlP5lHMVWpBsrDqWb74ULqA=,no
JgHql5g/QE2dywkwu5BuAjX20J6fF9uQRdbsjBnz6TqsiXcF2xz0Ohta5BktYe1iDVxhKorNaUA5ewr9OsFtBla7egXcae1p0nynzpgK570=,yes
0H51gd+cT2ZertDAQBALt+UJTraZwZdrV0etJNwlDb0A0/kfPOWTtoMuDUWc+cwoxxLEDpPyXvgaWeqI/ckdkO9okyQFDC1OQ2cCFbohX84=,no
H/FCzG6LYQqGsggYdQg7YXOIPZ1Yvy5fDJYyLN2s6Izh8jlmOKqNaykWnBRHP38k4A0JV/FRf/ow71ncIrtFbqOvS8RXU+7ySmskAgOZwr4=,yes
QTfW9/CPR9yI39DPwZ6HWQyDvlUJgT5wzwYyttFlBquQMoQrSNl0XDxGYDFNYPqGGd4DxRzj4qriwKFLLYEScl7V2RHeY0unUXknDiy4jB4=,no
bmy/qP6K+1vUFUtG1dwD+BnyvzJz93SaWh4+jlrJhUHosR587lbDJTKyZzpnUFkfo45ZROoR9WOjtITxOPEhO8r+inoo4LVwS/NJWW9Cv38=,yes
GNJpWUo8y4YmfL1aypheUT68mSgRQtKNT6oVn2WS+D9r1xqkUf+67ob063A6iSrV2Ly4z2StmD5FMJVr/Y0ljm4zD3AhlUw9lVAD0nIfxqk=,no
QMRI3nUjKqu4w0i4zLB8t0SHYS5hCuUSK2waRjektKbGKl2mUWhrijEUynuZCbXgTT+RcpW5Ye/cHfOOyR7L69Bz2sK1SLqUdNRh+Bhy6sA=,yes
JLNF+EwM1nC+VG2rY8qFFcoPDoABhb3drO4JT1rSPKspNx+q1SP0iraSvnvM3eahoTcfK2yo5fp48OM7R0LJa7R52PD9e/dvX+31EvY/x6A=,no
GzAlnvu7BnLk3q22ZuwOQPL5yD8I/cT93l/4Dtv1pA83oMAfoO4q6JpblgX7M9da5ZraRx2aRXihEEk0mjtuFeoal4vGdc3xD0BdC0mWPRg=,yes
Caq3fZVyg6GgPV0MWGoW4m/TGje3nbZO1ionz+JuaGrOtj3tLN+C6NBTInidaSLZ9RvWWjYbxcuA2mHxsTAQi+dBJ/ZfdneH+9i5mnny+vg=,no
H/P5VtuSCo08Hb6puD9fMpF+8r/bTD8qcOE2yeCVM3Fig1SQZ1cGpP7wFzi8rYb7kPjCd1M4+N53bnjorWnL5dpBd7OKvXYh9lTcwetKj00=,yes
LpRgITRdhJxcz5jFKXTNA6ohLA3f3HVkUEAQg11X80pAGKIo/2li0uWCADoyMiUGujUNao9hype6pvq3KBShMwzMj4sgb/SxUZpqD1b4fmM=,no
A48goaqz7U9NPZ54ZYfx+M+xzrU1lZXKQizzM4QRsXnBD0zcQlDHZfrp1rxaLJq5PMTT8imNg0MpSObUJ+2oOSCjpTEX9mNflM2kdEGcZks=,yes
kCmI79p4TES+ijYZ0FgL1bcBsLprnqUeV1bEu16xIlOrdbLSOvLjG/1ycp2Hv/U6ug30UB+dvYyN6X84d8ORikM+kXdjDJL1IZc4lmUqKCw=,no
mjKxMuSyJ6SKAvhFQUBAVhJmhosy/g5uEacbQIUc4aMgG6N6fpo1vCdvjJmYIcBdFwKQwNVlZ7Ty2A063OIulz6hoc3M2ZeHimhrhX/FeY0=,yes
FdCHp/1RHay4ujOfJbq+B4da4xVBltWOP3CkHSB3U01N1fl68lY1UdmoZObFa+Rv9rmKUriEZ/7RuL1WAPH69mmNat2y7NEb0aI5VcWOHg4=,no
KxCVM+Y0qeTeFVXJd7b0lpZNPGFw0KV08BOeaOxMOwIhZliF2nvjK6DtKW91xyVIaSD2cMjfQqKtUuSNKZFZja1sH0UBbW8R0KLMRg6QQi0=,yes
JbaZE0mRjGGNH44HhkrRXiBL9X2t7k7B6FEQE5K8RZ2wgg5t2qUs5uR9NdsSXPvl6gcDmjyLNpxZzR/oLkDQoY+j5X99xTj9orerkunrtf4=,no
mwSYCLajnavAURSHxJ5Ju+YJVNt4iHD/vNxOWiCeowsE15nN+B9uLzqPYzNmkoyvhq2Rwjw4mHei8U/5L8og1Vj1VMls0hj3dBU6XcDmMYg=,yes
wkK1fPlC7wbf/LlbmOuS3rZ+z9H3Q6RBn0cW/GyT7le3hf2arcI1+lvcr/m7GDN3kmLbZ/S3kcGK9ywR+r2UdtKjxxAmS+lfe6aFTCuSs+k=,no
yey6M3tC2e1g8mrdfs6/8nWcaTYKPJyd2jR1DYYSasS3f8RGzhLhQwIzmYMjdHArhNsrl3/jQFzmpne+1J0SHIHbiGfHwNHcToDEReNY/no=,yes
lGmPGep/YSTNS3u6mN1/zk6h9XMUKOdBkWZkax5fmhONAqs4nqlhwnVIpz60H2z9HYAqRSB7A8xviZdZB5iT/cMSYJytnzVpT9ztFBuEGm8=,no
D8T60NVuclhxr8vLfuwDSkviGChpEPgXNESKcfN6YfaHwr2B2Qx3YJfAMD8SjvRnyyWGMlDe4cxBC/fll2VbemiHEXHJ1SiAHeSo919lbY0=,yes
b1kfDps80FIG22S/zjxsDMze6u/x3175n/AtrvnhQmJkFuyCJjmb3Sb/VJ92Y8AQFMsy72JJVtYDBkaKgY2mPODLcNk/Hd1+uZadj9TmNr8=,no
RgPOGwaBR3G90bn8EQBazGLYejf5gM1J7HXvci3D7KcduAwsxc614sGKFfDKL5jK8oZs9ruelKxqobj0JqYNiqYJDk984uQBHb2BYvB1lAE=,yes
FoxLxQiRsUSC4haXOx+LS1VoSPNGUpiqZ0f3lmHUCjuDM2Fn7xV1UrXVShCqFndq2UW9s3cUTJZ3QtKTvdsxsajmesvwQkM+R2wuDvd+YTo=,no
cUri9xuXjZyKFNPMMdA6TQf45xh4pvV1SdXGNTpJdpmTdyaIklwVsdyTOqStIKdW/MeqdTHw7Flkt8KknoWZ7ZTIE2qOkYfAYfzwPjpZ+Gw=,yes
/WgeuUdEmY3V+KzXF+iCI/EuvkFMuf/rqNOr3lp48gBF9A2MF2pFBoSexOIBSyyZDC6RGfVu4s25cEX21PFz8jtp8yVfH9Cknrb/TSuYBjA=,no
AVSfBYnn0UMaXAvaxthWO9f2693rDxwhzEm+YzGxky2CktgnMFDhAXRoTY+B4MQ/JS6hBnyVNpWv2eiEQhLR8l160HRclBrKUZbsbyrjO0Y=,yes
vx8yF3/pXtr+mgg9RVXp21AAA3p6IDKPWnTxHUur3g5cf8ziKF88TpGHuGTGIMHzIiUsdcC7Kr6WoT4E+QROx7eIf8MwIS2skiNLesObXOc=,no
27NMZFqBEK17OHJfYPpELqEAuwyEKSYghUzUqiFIGy4YOPpfCKZd2TLnTT0m2ZZYGZuuBwjQLxLf2dY4rP93i/SMEWklrBtxbAVjFoYszC8=,yes
AWWgfmD2+UTHzuuzVXLmNDGLht8BHMTczATAD8gnn5fR8W93X2fokyxL39PSf/nmyRjvY8y4WdZmjGFB4+B0Y7DCNY89g0sfRNeHQyCaqVU=,no
ec/02JvcU6UyTA5ZTeKaKozAa4Wm0G8hvO/JpRrRrsLxpRPZHbo5ot+k499Byy5iJtAdqt5FucsnJzbPgAfc/0eHiRsIAh9oyC2ebhiMdLU=,yes
rrc6V+boTCdgGQ68s7O8PdJ3g7EpL+gqbwY4rMEg0PIsiJ6VyP2ijIkG1tRXCPbQlzzRQ3CjcSPuXuTcZZ7tUgqZXnwUii4nGlLiBGnpvN8=,no
HDLhDXBzOui5bU0A8YqHH6i1qTlOAS9V5/D0cYEXrNmlNNzvyTQ1HtOhdsuttXykwwML/xo9Ibg1+Nf43EcGgaHYoCtZGohoYlqlElfefdA=,yes
YrecomIa79QYK1A3oNmWhnwg5Djr7RUjAUVhk5woku1+QF7LQfZGDFN0ICwbLN2r8K5G8BjmR1RwihpVj8gEwFupO3PDaS25AB+KGybF27c=,no
lm5G2K09zxhaK/6UzAYyry3gTHc55QzeUyG2epg0fjnguqyBX1WDTr8fqMt+hRzXofW4eUM8SFAs1jeDGCrBgnBB3cPm1mQBfXUp3Ff7k3M=,yes
MJiOMGqaYBMP/EnAEPmSVH+0Dg/ShXEhZVJp2NkhHgSgdFCApiCMfydOGeQAWe1W5C2/ZU7JzyMbnFVhWpjhXqElCp0TvcUg31UAvCxVTAw=,no
or7SkMOu6BbKYoa3KwNElUFQCpr4tvgg3VritUm7cFYBv3Ky3AJCcmFrkVt2Ftl85FVmi5Km3FpC6YuvwERUpX7DPmxAw9YtIjQz1DWJ2Hs=,yes
IsECQPeIJjTsSGGPCmggfO2r5E9lZjMLJ/DgdEJ8KhU7oQhiTbGDAG9eyGH4E4t79JaQkh5kzBVUpwhS2bnMYLC7KbQ+ry3fULYCfw74yRs=,no
uB9dJ+S08S79RX1YGDgNtcuZg1Q/dtAvSzOEPwFmFdBeTLPXK+OjmyxdzDZ7RFAEeaBQ9OAd5Z4EtYG4ZeLCBh2k0w902G6wF2Oggpxyt7Q=,yes
FUkr51E8rngaQmuVImVkCt2ovEzOOrCz2CVyBpe6nw7zfZnpzrHlnuYbiW/3tD8oKGvs2yKePVcuMqpJUUVv+MAYlkQbdC32gkWn3zzfpbw=,no
NJDMdldXephIKx5nlMY8hmCUkWCXt+xc9JNbZBfC4VROn/EpS1LUAZ5RtWwMq435DhU1GwlH6vg3KJTMDLP8ldpbQuttpKhsgSOyYAE2DpI=,yes
alxcJ2RRtl6O9lpf5oVXA/6JWWQB79/M645u/JZ9yCmistgP9/vckaZXWTa+MkSSMJlJG/fTpLBex/1OfQ1RrhMsvblJz6Ncm2evRn0pnkA=,no
lEi19/tW7CKm1YUeNLs2CIOVJGw2t/o/K6h/xGYRoM5uN6F7B099wOKs6l/st7fGh1/5YwjR8be7j4uWwIV7Z/S5Xg/3CTxC7lIVDwc/os4=,yes
YWxFNqrhPJ40PFXuVhKTuStOJqoisoDxVkVUFXDywUQJvjIGTmbgizpziZQKrmQS0i2RKYAS1B2q8QqrkwJ/BPb9B8RuCVDK7/zuDBFeAcs=,no
qkeb3GdwC2LeXdjX210Z6UYzBcF6UBZkObtgnHk99vJGaQd6kjEUTVDdMUijhYJZwdS0LtiEKfyC8a19XymFtIy6WmoBpB9aJv1rhaXFvzw=,yes
ifGtwmLO8djCHOdpaSEXTT2tPNoQ1iGpCCDGoHc/zlLwmSHe9BUJsEEotXOX41r9P0KJQGWwZuEcbO2exaK5tRT00Q2CS2FhSPfAgObau/k=,no
u18+C1qou6mGkVS/V8QFWMWeUcpfnGIi/zxlaqpMoO0R0nBmFAjwyKg7eVq3q5+mxsA4Rdz+IxNs3lCv3uuklicSTVe9Q6EfZGzScjd8lMM=,yes
DQ3Kyu3ynrRIOQF85Y29Z1jJG7/jx3UzdDv/JgV0MezViEdGoSSxgBGMQy3ldmKz6d64qGjIQTz94W7SAXX1kMhhTJQfRg3LrCzwCfcDquE=,no
GwBZh6yrg70Bbn+wSUQ/gpoViCFq4TVFinhv1kedRgrpMpt6WcYDY51Z/Uxp8WM+xQTZFjNjeRvy1dot6otxEELw/MbMX8TCwhFk/NFAEJU=,yes
+Oz5o8/+vBsrdt/j+9hz4nRYL2kPVxWRoIgSlIUjkjFJMhmUlaJ4TNuSt6aki7yuR/qUYSljdAGiWYhvnFaghzRSkvhxWq/ipSdB6ISuhIE=,no
Jqsvt6CsgDHV8sxCrhSlkA5MqJSTG1+k4xUFNVA8KQyS3DkjK6nZ3M0mFBS6R16LTmY0dS8SgyPKgl6/Rb6ThVa1rLOY5Ls6AziA/+Uin7U=,yes
RC0Z0sQyEjrkNZtscGqOVE/TMLfNa97MMdplaKP6eUgxicALoCPJ4HgNbKExsyvrx4T8shXnSk/mR7rqC+WFcO2WXotzfiuq96rjX+vvhLg=,no
/hW9EIqecuiG66YU0f6+bJlX8DvDdU1CznZiBUpX2alAF13Y8QTRu4XfBIkWjO/8I855xiNtdH1qOORKpOdcXvDO66uIlW/+gBZTCuz+xok=,yes
F6Ngn0vcCWY0/9++BIy79KrWLqk/La2ti3mojU5h+0W+HwFP97f56BQkRPXsWXzSHd2yiluUBTMUPC/8Co29u/VN6IXA7u9m9h08I/yEPZw=,no
FF2YkWuJR/T5nmHWdPExdXoNypKqlNCN/Jov+/yTFsatj6as137c0BgQxeGuV1rwovkNbPr4ufzzRVItRnsuuGhVM7miOtzzF6ZkhhIEWMw=,yes
afx3f5JTdtQmLoItIvwBk8SwwOmWCVvo+V45psYuqNGynSH+Ez9Tq9Je/+K8jGoorKAg272Qu1Ox2EswZRsgOfbPidUOc7MrpF6BQ3A0qSE=,no
DC/TmF5NgRgnyWtv+SiBt1Ogp8WawPhM0d0yy89oALove0/JCA6NKYgd9bJ+IrMxjIuAPy999nhG/baTz0mVcPAuEkikYBmAUc4O8Bn3qUQ=,yes
c4CHRIHq0XIXLKSbmhQ2VY0lUB0zFp9wIaV29qrjdyvy5gD8+Z33uL6QF1F/UBpKBlTxvgWWes7bfH+Pmbc69vA49BDj8gMKvsrOxQcs/m4=,no
W+ixSFV8FvEoS25Uvd/eGYHfqmKjsEPtvSdsQQVYnEq4Zd62gXtLC1ACOkN99EnFzFt87lwQxMB6twY4fpa5WG4wNvHaCGkJg/kGdLWxbX8=,yes
xnsOa6/7RLNJhRm0VApoNlqc3gK3mL0Oz3p33gbHW3NAbQsIeXQID61xkni/Dq2E9VrTT1OKjdVU3mODBwn5fvgrADHH8D6MRXnTGVO0Lpw=,no
mN1X+PZOwfjrAP95WiClMjpi95N69nUN05NGRX3E1mPg9FhVrOa5cT/R+EyGO9zFdglIPnh9jPS60zI2g1hKNw77OHXNB6aszHAIl76VmxU=,yes
cqXAoPkWVTjUub0CZaOrL7kRKv/N3BLUmW6Ag4s3t2Fe0MwrX10uBYBWyM4TiwGmXQRJkUXhv9YbDSGAPZQimRoOY+mJvk5zIR02SppvmSU=,no
2KTFjZTsstzIGEIjixle8LpQ5XoWRTo7fN32hTVuOL+Rat4FoNf2RLkgFW44Z7ZPZcZaZOdB2P3gOqJDOBTFv9tqIMSoWtkUBZVJdWjKMkg=,yes
2ct04N58vDIPD8BQpDCq5OsULkIP+NosbiU+D7/KUFqd64N+MyO1mxXzy5QtiWvl10uPoKcAC5yx1+cZnlPhcPZChfYZWqcOwdbLSAqvRpI=,no
QzDfCnuNvvmnPQVaUu2JH2anQ8uRefK+bdQ71fl0ijaEDyKyMowqNmYyIRGpJY2oNaCyCcellxWFcS9tAhGTM0BSJ9BJCJn5mRsrXCFFQvk=,yes
msqiXUnU2d3auyQqBrJvF8GNcCgumWWXxQ69yJPf+7cO/TeNA9o6Cq7Z44CYhAc9w0dBRK5sCQvzQ39Hr7F43UsJaorQ0md/xEpnS5ZZ7lo=,no
TVHMwjtzitp2tgO3TQXGptPOwgbamBYxQm+095SSY5rq+kxEFMvZqg2w1Cx7QIqPaw4QHWXGBh1qNMIVF0zJdzmXzfIUlyJNYEXMbJduNZo=,yes
iAtgQVC92Xgyc8baFvFzo15tIc0YwmOGcCD9K66En57ZdfC6CeQn6W8ZCqWOF7yBVTUHLESYz9uaX2QTkWCK77zyp91GJCrwOFgQz2uyd5M=,no
7i8FD/v2D/2Du+J2MvJ673jRCcci6eyps1TA+fk7wIvW9lBjFxwnLAvpE404clI3PfWdSXJndzolyaMgMEUqQOiyUfyXi6sSV4wkajj9BN0=,yes
wWG22qUJ/oYTtC1TxU5DWNQu+Hmt41AkBaJLbMLHBCAahrpufXbA2wWvvgGjWnvH1Q5hpzbMj9gxETs/0fWYM5RYpCZ7WzNMVQeLHWUW31s=,no
AX4+yJ6TBAVyZjA2JjRVyOqlUuhidwmm6WB7/a6jcfOxC5ZY6q2xd1d4aKhk4xuhulP0b/Io+2mxqhld9ML71zZDGGayEMJXJHis8y4ii5E=,yes
OGBkgw1PnZcza2C9vYb2XHmIvzVfgoJIfoqDW76ja6PQRsaYjZr/lyW1v+dLYeDnh6W0MokGFnUINjYJCsDImBUipi/lGJiWt6NFGYLNW0M=,no
Ey+L+tzOKA+29SGf4pTx9JjKdkRY1QJM6g4VvTXlwceaVoAdOQN/3ZNjZ8rjhReka8y9Y8QG3tKdmXnIQg3AYyF1rNPorHcUtmTn7yGDPsw=,yes
xsnT4dDuSeIdnIThKLUg8CQSJ4wEMjPv191zGrMx57Db6vQn3WvPKQ2D9rML8jg349eAHHc6SBzymvKtP8iMtT/z1jwnZWDrtR0lQZlGEps=,no
t3YMQxE2/S9r4YEiHL6e4DsVeDlnNA+se4DRnDnXYV8y1ixVt0h/3qc+eDwVvqtS+jRwXj6PkRdDIyXV0qdoe1wKeS387PvcjVQygsM5x3k=,yes
YThQG4948GmowQ3+AadAsdQJiRpeqk/7BCNFZV/mx1IIFcFibUF91vYfUXGXExNClelS+NdUdYABbUG79EdF4ZiiPpl+mszDFTRkzHECg7M=,no
6n9hl1u/0idRAZ87/LozMajPoevPXSho7dOMP6FEky5riVickMlvkn1BrZ+W/BmiCKTYI/GxXvdWvr91sJ65YYfud+Wo22RN+lMkqKUdILI=,yes
+zkfheyxXgYjNYoykIRqkQ963SJjw+9SW0eKBPy5RPqLtmJ/QCC23z+G6qerU85t9Via0+RfqcUKKsRfaUuL6VdcKUQeFjY+VsIaPaFMBCE=,no
GzAIt50tA8Qd3eaTelFuYk7xmdV/Kcs+DP2IlvFwReEWJGvZ0lzNTx6P1KDYq61HKsquauEKSNyZl5k3AK4mVYKJNEZcD3LGmPZTPeSd/po=,yes
3NJ1Q9Ui4n1H4wsqi5EuMgGilhZbMHBtgS4/efEXY47vJYM3PxcnN9eeQ7htcgsnj6cz3rGjchXzMVkh59USCVPQBdCS/YDIjnrc3VNWQmw=,no
C8V8MS9hCvP+KrpbNAyKCEzp1KeOsrYHCIaQ2rgPjReiWYr2p3oVwo9fyF1ukfEw4nFWtrLwK8xtAak0lChgk+bmYG4yohxUnPK6DVT9DXA=,yes
ks4iccC+53dKJRGTrQzKS5ssXG6V0i8brKEro+U8eoXbesuMjyIlvhx64/9q9XHULV/kCm3NY7thVVyYeLpeSpSdjro6SLXhpXO1YsVl7CA=,no
INyVmdevZuPp/ISiIBIsotknxTke99NAsFoHCrX8SZ5ulmCQhykIBZlpzoBVe1tezBZFnEHSQJK4eWQCXM4tmJm6fBowMrz9pkjYEmRB00Y=,yes
4u2UofTnHWeEH6uA/i5/spacUmMCEcxW3Zu7iu2QpfvJdU1RDv4ar67wz6bD4LxtBtLMRP5BJqGW3nxY1j7TN9jEKESFfxSMlXf1vd+9D0o=,no
RYNQ3avkeu1Ee0WfvRcxFSGYNnGBG98uvkecOJWOY+uj0rvdpupLHMqRfw2ThMl4O33oFZF+FUgYmSw9Dr/4yapnhUSsUNd4c9pnOhbZHy4=,yes
53qHmw9XO8M71YXqw5pf+p1T6WggZ06xNHBs2yaZHfBAjrNvwwTtzkKUge40r7PZz8T9RoO03Kjiwy0XhBlWw0tRiSEqNdO2d5XDNg3p6bo=,no
JJ4Q90uYfBRXbZz5GYXL6Xr9aEzBXh04M9BacBDng31xZctLwQCmYXjESSD9r2WVCg01rx3639O/K5Zp+/szozSHSXtCLp/hUUXFLTYNTBc=,yes
p2e8dGJ+wK7aCwmhH/wUf3SatCqfkloFR7XFh0vDwsxhoAvdLOh21r6OFSihccTqlShRuLMMp7JFLh5p5PPeO0L7IvEPd7zSsQd21W7ZD88=,no
1BDJzncLnOa//9B+pd55eJRUM5yuFvNPYfBHih7rkU6o1O7EeX5APkCH245mcC3zL00VS1L/D4CJ7slyM1KK5Dk2491iQnvDtZ8fz6NhdW0=,yes
y1ehFaRYPJTb0urhM8QW5CB/o01vq5BVrtK0v+QnFf8dCnQlyRsC5OMvDoDKMq53Kvp9Rsg8YfOhBzdiSa/crKnpzsiCvpAM9HOgk9atNdc=,no
qdLOeGc8vLbQIod5gPLNxE320kYeVrCzTviMB+upJK+1dFb2RDMDJqlNY/CaXSkH+DHK1IxCuw0AizahPjP4/mCxBi5CLTrki/sgPvyorvA=,yes
Zu3SoXgjXpCwxlh/pnSBuiTs+B1wwdJKqv5sfoKz0yuh3f6GxsMGUgYJXRZtFpqEntSoHVrvESSbtBXDEJopd2708zYiEgJtql0nPDBOKWs=,no
kOyzL1S6VGgbHnwAxSvvN0R8KdFd3NfvuZHXpz5V12tO9Po6XipkXU3RuBVVH/zA2fExwKe3xHNvRf9GYjnVTv5q10R147j6+SuVwcsQ31E=,yes
4YGJcfodw26GiRSOX4DmgOE/kXpnTWGp5olH6171cqPnrhea0386T2/zIf9Fk0hGAIFfJp859B4+3AOm8CD7se97Us+qrJlFwW+5ADRsCXk=,no
slsXW/3WHEiPCOdWZv8E+rnFYyIV/F4sYhb2EaSqGVP0VDlXLKZTwuHR7+YDYbVddmdg1h1g37eQRC7VNNn5QZA9i735p/Tv9dTbW4H5qD4=,yes
oqMvqM6HB/YXp6JfJ0bmySVY+VPBf17k0Hhqou3sBJ+XZLurNcz9kCRHqjCxex4l8exib4KbSz4NcRWZT/lh1j0SXHkWODO7laLAbsUYo20=,no
kRwh4/JClrYN/cYWHWzgPu+tkP+cG2XS1MKXWP2TIBnyf23cAC/refI722guTV42q25bLzRl876Er5ef4ipjKFYXVV7qSQ34QL2UIcPmdYw=,yes
gTRyFQ8s+uvOoq2cl/xQ9nvgtaeJIgLtZ5egJ9AMfLGZQCTl2ezvzZQPrN0SmyZyMKsGYwGS7xuBzl2kvWl4iCF7mFL5Z8VCAaqtdJLCr9Y=,no
UruQbcztppJx5fMiNWEVNzTgmfSgk+ZgFjHNpYCV0nPfRj5vJOF8TQSmhNUT+M/tBYt0Hr8pAV6Bv1h8LY6YljfI8GkZXhS7EQ/XYxsa6GA=,yes
Axi/jxz6SC/7ZqBX5O7Wh8plw89dccuD9JkATJE2LT+5DCNcVlBRk+afmoqULuBGvqQDXUdtig/TUooJs/N0JflviFBkr0+fXiX5966MHeI=,no
780kwnSuAsUxQBTtZMfu2vobeGd5QFSbjDOQ7ESVgT+nI51PCwi9w2/bceeR4DScxVUYC1C2xO5pHJIa13bweZ6aTR6KSbycWqyJcy7nwb8=,yes
IPd4tLd/+I1vejppRK0d0Q5oIZOo2XmGj4aBMB8R/pTuNmdsylj+n8QKnAUOW7RKbIYse+7OVGtF39wpP4h+yQHZnKTzbwhV5cr2J/+doHw=,no
UvWDZC1PKfg8gl5C7xmK8CCceQJ/z2qNEKzdjJvKxEr7b1CYVXqe+H9xR9oTtKyErxHv5OaqjBMAeqeA0PymPTBrAvy7PKOhS/9gUOWR1wY=,yes
W7m5WOU2UZXNgXMNLC/TGa8Qv7ojV8cDyByxymHDMoD9o1gKTrZHYaKLcAlMJu/LjnzPlAnKv4tVw1uWYm3Ib7yeJdIwyjeG3uKXfV4HqX0=,no
qQfoPeybgRQ515RWd/BCniaw3YqYDKEZfD+25bzef7jJxZ4t/auj31WklnZ26enI7AGwWbVL3i2s/X03P6/rLahpWejG2xL1Ie3rU5a9slw=,yes
31QZm2lst3K6rV0BCa3cULFAjS7asW+pHYd+EJKQ6pbd/0JAKCKvzsM4EITRh0waCor5m6awtX3z+xQmHvJxSA71q+6n5NVmrKpbmAV39UA=,no
OK3EVUW9OGw+TE8e2UaHEvHNfOoL3S7w58rcHuN6hxB7uPcP0YC0tjcYentZ1CTHMl7VHxXzXZSeAYNEG9mjtlt2pWDbeGpO6vHf4ylIU0o=,yes
+lmyZRiIw20Ez3KNgc4ZriRJ8WPCEO8YGE5fn5DfuuPogii/fhjAIm5WHu+rhCZ806PTaqtHiU99vWj1YhehTwWTiZky1KQOM9k0ueiu+ck=,no
G9dtE/t3Vb1jsbotmxRLH0P5JkevVJ8k3LKXn7JUgP7JBBlz+5Y32zTpOoAkSpx9WT1GJMJjPjgEJCbAypbhdOezHhF1YN8CCAb970BdKX8=,yes
1HpuTWYjsIA1A/b1sykOFmchV9hgDznprGoScYcdu8NVEKgBdfUDSoQRd2miGDTm/tCArbXCtlDGA2mojbe65MBLmigbOxz3uvSFuJQB7R4=,no
tbneZR41R4bqwJoe6rLK0ZMPAYr3oQFjgatnUZLoLspABEWCokLWI9gfGad4WEgJaC+VXohpQrqlmfoba3xpeWMC7juUHzzevdrfdZ6Vpps=,yes
G/KSm69wxlTsTIHcacAuEjffx7jyvNa3q2YAkHn2qFcaus+9K+6ZkmEdIti+M6qK080phAU8Lut+3X3/cJH43mFByo4d9U6gn2rEdtJ7W58=,no
o6bsKkx/Lkh/iyohArSvHF0a4EKst/z3/dc2wqtFPcqcFV/Iqixl4GXVScEz8bi1+rRe2NhJUFkLXtY7Hy32U0g7FynVjx6AtRyQQVn6xrk=,yes
rLZJLHZ/M4Y8oyfDmGjj8biYmmm1YVtgG5bqIYFYKjkryfVW99XJBpqWcd4AdfA83/5pU2IMn0vCJVdDFsCIqfCc56GL9Y7qutuc5c2kkSY=,no
fHzDsINJjYHbww1ikHk7rb8LcOdmqpg79mKFWXKywnTTOfJa0zieA1/7Cua9UMIbqUWyo8KXWwbZs3poxWowLtVMO7to+apg22YI/r9gvh8=,yes
hcdwZePyDU/qefg9+HeTEcz3FwHpU/sGDGCy1BV84GPOWADwNgznfAsHLJbPHQAGAGiLDqmUddSOv+iWUMa5rA0HyIKtOJguMYDs4oQ++6M=,no
K8FbCz+NajKVgFSQzdGJF6bIYXJFOvb8coDhpFE/zoSwA3+bqdqTL2KEuCLuzZonch33v5v9f0j/m4LKYYR9jdlUMsgpRVmOn2Qz8Amjoz8=,yes
wbk0pPgOrytjoWU2mA8XrbrM2X3/QLstJyvm18h38eTuc6TMSpY/odM3uG0WTsSBtuWLUnWezzIp4HjXigX10RRvf2TC2k00UseNdVWhlqg=,no
G8t3gbf2QkUhclo1ULMcw08GeOE3kv1BspdayYa/ZCePUWJo0v52glXgxfhhmA7Ct8ZoyqOWQV1+f1/MOc+Z8QVT553w4/Oe4wYep3ZScKg=,yes
GtidDgIj/evTKW/sMGZa/Hf0gPKI8Of7U0Vl1jCOSlONzk01pTfNJ9jwGfif6lQeqpeIMcYxqLKCDEDLiYVCJQDS70In806Rw4/BpPYAfXc=,no
VA2TekpAeim8A7CSTPF5r3+1H+sb2N4QVfqTvXkny76MmZWg+nagVPyIDheuXu840rTVy3S4GGo8N5/5bvqT2etz+fg4ZD2yqYiRjRb7sKk=,yes
8D4YjEQiNIeqm1128umyCwhbaPZvle7ONmeHcZA9OeZXPXL7MnsKyc/U8GKC3HL5eDEdMEC5vE/ZTsUeBJTSmLV7auZzc8uoGQ6WGsP7RCA=,no
AdavnABR6YRjuwBK4On+tA1nspbw39YM/Owq1yIP9os9ffenHbdXcrEZ96PHr0C43s5Po751/r+FuJ+N8D8SpOpHP64lj4JW5r232cIMNg8=,yes
spexw5WWiTEWW+VX5+rqBqwUf92KSHVVzMs7daKZY5PtRuGrI8hZuiLs1TYtwS0ehM3Kj8FGu9AG+ZblgFlyolHIBlp6eiaER+DTBvPFzbA=,no
jkPvOc9vwF9e23GqOQo1EnQyAwEoJTd1ExrxaW/puUXTeqDzRGHfMQ98U++/ApB2WQHH01B8fxJgtCzck3K8k4HML9pfRkTfo334eiOzOe0=,yes
X2evusi621hr4gFm6e6QQosOXKVK/EXfHEOmqi21a7PnXroU6mlGoetOFr7UvuJL6t/ZarQ3fErWqrYPGCkwLc+SASSm35bnsQwVKNPtWxw=,no
ioGyQYB4NUlzP7zQKwYb/rk7rIljUNp084beqOtsmr0X7zUC/NBgtqc89nyRoyHoJMeJorn4iPb/Bdih6mcVjrnE5qf1zAhlGZev9rH335o=,yes
JSwx739YsgFEldWiJPu9JugBnOFuRzlzUW6EiKKmcfHdek2bgHjuDwQCJn4RsM6CJhppZ6dw3BQvOhQigroBLxiVbeaq0gr6mJbvJssG0M8=,no
WtzBbfp8bjcEmAMwGiBXsVpu8pCAZnfUYKXU/r3pXRv6wDpXTCITvg9BeJUR3CYBR/NDA+qq7Gt86z7IpWwGPwAVVLVFmqKlxxIgOJ34tMk=,yes
61/8hNWlh5NeuSFvXBF+kwMTs4B7CxyE0+6yAT4xpoXW17az6O/AMqHd16I/IYR0YWMshR1CeTGYMsI1Zsa3ibOIGVUtwLOqQ8UPtpmxnn0=,no
Yuj1hQGMOHKtQPhgTuwDv/cLhQ0eKCgFNfIZmob5HswhLSmWJE83e7rWRPfIIcMv4cLsdHWxxfCO48n4MzNsNHO3Ox0f4As4NW5VqdRQSkI=,yes
GogI+jzEko6j9Qo1JUpM883r0qQMOBPEjT4IO5I3bDx8Rp1mxsmSK5KampzSLYpRhp65x6c18r6dElhlCANdySYUwkpHmGppzDe6I3S8/zU=,no
79q5EhMw/OYsCTMPygtk03LuTNZNklzpPO//D4JnRTL7xqFDw44prqD/6efszh0tyV/okm4x3h/FaLISjHf3iht3Tr7oIwWjVOFOzwRjPO0=,yes
syteDBYcVuMHTUuIm2f9gOY3TeDcfGlzk98zHlEuPVoobCM7NjGPwMs7HdzdGgSX1gGgqeU8ov18phAjQ6GxpTqBdr9LsKdFrvnlAk6Rn5s=,no
ylWvo9mvxcNL2YdnrBW0MtVjI5ofj3F8XBR6ukfuW9X0XaFn1ZM2ZSb4cpqPMYUhuX6O/576iysZgjwv8xxDj3tTSPVVaCP4EqlcL6iHKWs=,yes
0XlC23YI4kibXUZoPlPVZcBXQmD8RHBH/v77dCRB/nuGVZyWVS4nlhBlpNjbg4+7ehj9UVW26qrEESuAOZ4pQkhaHOxMQ70RAJ0bl6tAth8=,no
SxHTo1epvQUOuUyzYCTABjEdijnQyi9/UQnKeTWZ2zhgX7KZIngvUVsFGfvCEZ/yugP7MqcpThB+4KM3WXtjLHQD5fbNuz8WOO0T025khaE=,yes
VSoSM1Gyv5FzeytLG6GORJBGIdFE+g7/oKMSmohlTwhKaxeRPE54GSjb//YMe0QaCmJIAXs9PHS//ir3iBJ6om5mlG6cBV+fYdw8kubLjoQ=,no
v7Q25dQj2Pdg1PHmdpjhnoODp7obTi27ZcgEyepTCONhqKUQxjGKotDbhoRSmeRtdQcgc//9T7PfZYSE72kiLOJMnLP4YF82tCQdnwSiH9M=,yes
npPTcSpgbefgF3CrCBXgoHAoi/7s17+m0ZGaP3p93sRPMoF0zlf5GljbgcQvmkrwSvJ+FmRaTpFFdtFnhmX0sj5u71qSQUVc9jL4lM2IEuc=,no
Forfw6cLmVl2IvsWAprCbfJQ2swJrJTQOe/rhB3fMZQSczAlLDIhdJ/vLQyt/oDpeX80KjQbDo0jUx5zbY1xbSBfpp3rnqBUdAyyuTgPqa4=,yes
I4DGchkNpBq1lC0r6hVzExz6M4HZ0PJA40mFnutF7rzyOfCyQuxKTiPiZJJ6ak/ggjxWIFpmGo+xNbbPXZ17LadFn5yOpTQG6vOJ0kXA2KI=,no
VAnWZJjMpgUmYcgTQLHfZpPC+CLUely7cXsrgpKNAcC2z9dCcVgJuOhrTORqjdnD436VmCKMo4ZBhB7dNaPVFx7e5Ako10bMpWW2AZQxyRA=,yes
kmYVhDFoy95/eqT1SkioC51HgCPzaHwykqXaMQ1Y7qnVlIbnaqXxk/WN4wRAeoZWH17Gr6YoKUbaxuQKaqAsH+RmmDIwAIX6Conevca9nUQ=,no
ovT4hH8hRdwof3BZY2RHgJBYHVhBhZtphVYGk524gelF89IpZ7EJTbK2JfjHGXboKkgOf8gyIOjm2GB65YQIqHaj7bY8V2PN1yd7nttmHHc=,yes
3sjFA8bXugc8Ag1ebfwsUemZ9/naDS/5l0JKUyYm2z0OqLcLW/H+xhDrULo0J0r/Ct2K8qpNbo0gB1s4HMSiLN2Gwg/KO4gwXs+Spawm0hc=,no
Jrjmc/5e4G8u3JN7zEvedtWcy1dbebAxrQgLq12CmRvfLhNmETPfpSxU7cjoIhu+0sEqDiq2+pIDwJxRowsMsBVcUgoWBkMRqPPuEvk1XW4=,yes
N8x8ysiE1uGTY26qFyIPKvy/sVGcezHFNmYZIDd98J2Gk1JZXQ+Fdw9vCYJHjQjX/0S8on6UqC9SzbjLOf6sfLV2GnYe6hiElhYVETJ1yRw=,no
Lk1Q/QoEt3yxBY98wRYp7WfW7VArbthscgRMNgNsCcYZx+4IbvYjwZ1iRFms4p14breDGxFYgmUk1QyP+oe+s5KBNDZUvWLKB6oWMsOH684=,yes
6eK2LUub5B8UE1iZy6jaN0uNzS9FH9cDAT4e+Urfxi5Dxlr66TfXmNT0umclyF7TkelX2Vi48qFDmVFeZIzL0dBfBr937ylLuquGoNomU7k=,no
OG3k4ERwa+AxUlqPv6hSTO0/g9KWX4AFnGHqLUI795VgpFoHz2gkGKgh2YhJTuCfHpPmUVXBEW3afCKaVT9I+jQkT3qz+fTPlaE0XGTzyYE=,yes
AMi2vWdiDdrQIzIbOuzhGCVDTHewx3QAXIwR12BuDsAqiosXYYruNYfCls3O/9qaUMK6A9NsR2+AEOn94nObGTvOTyzdQqzpKarpglbhhH4=,no
b302IT0H1rV2+8ucVCS9jwCoimIrtNaBN1Mp5Xe2hmDSvskExcFL6Vn4rc1LHBiCP2gkzwu4YWnyFJ3FFIIF8R5C6802mOURwXWSMJxHqWc=,yes
1Hf4aCUYGgM2LKe7dREpfTkoHxmD1jfikioAYYg6+BCEF8PstDj/ksngWNT3jKCH8VURdN0/Pa9NcWK0/QEvjtV6zl/cEjEKq/HRIB3wHXA=,no
PwLkOs2B43etsODmaFqYmqWTyIA7RraOXI3iKY4RMfFnoLGDCf8Qs69qLtJdZNxbhMmRjyO/emiD6f8uiOA1lzbmZm2mW496QfN7zrZpxyY=,yes
jMUkqyJeYFQoOocNpeqLbSQIE33NHyAk4wTITVTICXmnzVno90ci5iCxFbDsFlRmxznjPGfg/K83d6ZaWBi0M7XxvTo3Fu94NDvWQif5Qc4=,no
Ybs6zDzt2yiQ2hZNMJBFOet0csyem1PnKd4nsEg49M6gnhVSyjTRQIyNYT2SLFQvjUSp2XfEbw2JmMCuanuMLtzMVFG+6Nt+WXAiB89/zT8=,yes
N/N4C5vkpjptd/VmZGB2V+AUDHwksMD1foVH8ks0qIBarMO7XEMJ8W+bEOwy6hclXElO2o8TyJWMCtHFWyLSgzXp++VW8Ple6uxwEh+gFaQ=,no
mTsLwjBT6N13EV7e+e5/FUmO7W/JjD0ViSD3zqO3XtT19d0kp0MCCvjM+Orweo1CKkjtdp4kWh7HdHJSk8eDgUsFcSdSJlvZpldpfE+bpeI=,yes
7ntczF/dn36BNvEhYYKsAVNCH9ds06ckD4uK+gIiKlfmOjXDi0Hn2/3y7SYPcmzN2yAt4oJbz/QDxB6zf6na5QcvrV4/BCY72cmXX9pvfG8=,no
D8aZvjFGnv/rL2oDOtQw7/N5bUCJTd8OEsuINPl0gNw0sbKs8zhstGgUysZk62i2refFWrvl9JmxN1xQdyeoMr0yy5PksAAqmtTI1rFx9bo=,yes
elTdwDwU2ujT4h8IvXd+sdKPiScGjvtmf17892AJoEhDL3l8QXJOqtF4ZYU/df1kGWykDL+Nk1TxW9FNGrcgo0+l/UY3EaA841of7xEtET8=,no
zugmmNNURiJ+VyBBT8eu+C/m2mXWcsdoud0KKfe2+/juHLfpQ7DqdNlZYxk5lBTEESrPOyQZKugaZe4M/JSPp62gtHQSHtVtSdeDlDnq9k0=,yes
LCPD5XQGgmIOZMElg+xJGQMQLjCQoCP2s8rPI/mGG648zr062Fqr4dpU7mOMtK7vZS8Zbx4FCO+z5ZEMRF1GDfPJ28zV89P4ihYSa2qJtZs=,no
mtYcf0K6OHlX6H6Gwlfs1CP1d+M9e50UZVOkqstVIB49NL1Fqr6mlVwP9bpb+Eqea3/2AynejxLLxWXfBJZwdt+E/yzaqZTgq0jw2x9hFUk=,yes
3I4ykLqzqlsIya8VHVcVDS1SoGz+FOllJ5sgpb3vAkQ/dnOjjcC7wZd8gSTuCGjTwE5+l0oTUDX5+E94vFwUsv1NS6XBWPpn3aNpzLl0Pww=,no
pRJ7HPPr15QbxsAwULZ/yWwDCsxry2bcy6OdKeJ4g67vSH47Zj/4iK45ZVL4DRgoJhTQn70P3ajjgYrohPFY5+TcSZY2vehViPovZUjw9nw=,yes
w7YcykrKKskgW0JVaRSDQWZ/PsthZaQuBezlbBj72JrItTFjcac9GWsIZhwzoxOuJQGRvU8P1qSSzT4v/OR17DXeQIxZjHN4GEdWPBERUZA=,no
yUApKzx7ULZIs+nCBazD3rSjOHsqJWOwbaxDIldRd+kZOaZ2O349LWFT/3UM6kWzBcqEuWlMaFHAdx2WX5tQAoEVS79p72Rvmytf8JC9eeE=,yes
9sLVdrC7t4Lm9bXf16Y7yfsWBUNYoemX48u3vIXzZbCaXbS3tPbHZPEPSfONoMSgb/gAeYfVAHkOThXB6jeNT37Bnd3MIqLu0i2FTaHxlUc=,no
vy//727r0xhsi1Ql+pYo3eJTVfpKkkKA8ADZElPw1B0zwU6Rrg40xxeDzxhU0WQPdolnUP0NEzt5Qxky/lI9tF+lbKrpZ5+QYT5KH/IAlj4=,yes
2k4wInZA9P8yiPDQm82TDtmN1q9jOzr82RsfzmGqWW1RmzRrXOOJavP2jxVI20JBQzmaEuyM4oWO1E7nsU2wLpiBcig05U2wxS0yqHv11Tk=,no
0O/mQlKtsp0eeoybk8NUMaMRjuGyfoGSXfN/MXCWzFikNJDRjxG8R6Z4+87UiMth+CtCKUWGgHcw1pkQaaptU1085g9VZOCp6BT5HEeUF/E=,yes
Z51tOXbttddOVp3BGWyxbDC1i8qT76M03zJXJykYjUBTKBicuSsbsPv9/wo1tU38gwCHz3fXh6AT+5s+d7oJrh+ASBWhTaoxyMNgTQpN6BA=,no
fRLhzILyUw1BkIOmiPbi36YCM+yvv1b6Orna3dWcfBZ3Sx3IqI7y4auTqw5YMXGAU+MMvdAHD0qVbohR4gsFdxSy7hLnysWmIYgeV9fIm1c=,yes
4qz7J7EYpze/OhyA4mBinJG5DhMdEiPS5oG7MPbgNqt8If1wcxrXkbo/q1/pC2muUAD97ukIlPEfdUFHTc+U+RdneNIaRUc3cNI9w24Y4ck=,no
9RNpXcuZrLUtswe9l8kxxIqXNqPFN8xP8Uetz2VsMLwgBWH9Qawb5nCiBukM+Bf4BJ94d6YbdzvFfTTC11XqBctHYQzjVoYx+JEn1Flo+P8=,yes
pxKOKVj8+2mk8U84NJ+CHFXsAzA6PpPHIr66pLykCQQaoK6WxRFGKJhgTzqsufk29mksLA4M3UUf2Z7c9NrrCWfHCWJLee5IAt8e2Zx5HK8=,no
n2XTjvPLWFkoxmtpxec02gcUFvnDFgHe1PAZEb8wzbJEDDnxcvSh+YRK+6iCsF4bCW7lCzeTMrdrfY3Mro4/b2MNAy45v0VSthiUykQj4zw=,yes
kgLunP4sER96TSmMlJ1U8FSxh/1jEETZXfdBucBHiTH2JJ3n0xClQiDH9AGuwLvlhegAytsHTF5dsbZejW6tslAPJHSRAhtPAZpTRMSCDHw=,no
MNfdp99aLk0gpQcEHITpp/XXlhwxpHAd5DJ81aM8yjkhz23JDz3yFBH389NxTADL5uIID0fAdWUrVrBrLD5bdDCMY/O7rPdPEtWDwm83gpc=,yes
XyCsoaO/oHAw8/mr6uc5i4liDA03k+ly7lNlf2P3iJn02W5PGRjYGFim+TA1JDtsDk+5biND7IP8Bzydgp6i45uqBoAc4/iEo07y/jFJYJU=,no
c3fVbVLy2JULve2dGEIzD8w4QEiPC0rV/6DP/Z941Pq90yRBLJCdFIQiXIKs/Zpeqw6hIrWNMWeK+8Al5ev7g2g/CNrGkPhJkkGsPCuPeF0=,yes
+67WIq8QKTZhsFcVnNFeT+cGLRtW9hFQrTwALlrrc8coc5w50vCiL8FvFwIID/oxMpc6dRyQzfm9SatwqCt+xYr6Q7mCcHeM3Jeg8FQeklA=,no
dLZIrtRHzgZWQKyfX9Z6grSuB3lo2NXnJVDK4bM4GXQ1I1CZXb3iJALQ8J8DMcY83M9aab7NtXoVsLC1Cc1lUly4eZBJyXJe2RKLOUCnW1g=,yes
AaGhFvZYf6WqESlnS4FYCqG1E/kFVJ+oWXy7iAh0OsaIQn7U/9CyyB6URSjV9vKm7+V55NlUtLS9EwrHKrKWKyOvwDjfx827peYaLAxOK4E=,no
kRArdNAWsIZ6nskYxtTepRRz9c4esDpk8T7nWuiiJ1dPccIAmjK7widB6r7Jfthdrhyc2PuSrvtiwBWrCI6SSookqeLooJCJWO7pXcQrb30=,yes
sYp+Ic20MnPwS7UAcWBdGzIOn6pXN+R9ha3EAmlGJX8dJZDHbqXU2ZNeY/qfRTaXblyo47jFM7virBJSPo867gQP5XcrlYlZ9wRj0bpHaXg=,no
67leVPD/0Ho61XT0R55fplVTsxp5x9rLU60YPXsDPuCI7GrHXnwJ2KlPmKcyO4XhDdVEFipt8WFBmM9ixNqsKQrjuJhoo1G5BLbGqiRGjjM=,yes
R5LwqqEON13DboxC29t7P9rCKB/2ajiWSn9hz7A4RwkkIIhkqkSY2hd8eDAlC5ly9kytyTKDyg6wS83ex1H/4dTLGCp4ROUuR96paTuzzCA=,no
BCx8ys2Rcyt+OPSMP3dypZnu17HFL32CMATY1+UqAxQY1jh8qJpMEy78TIxSAP30szO4d3JifAa1rd9H4VP9rcb+WMuwrsu1La9lj7pbMzE=,yes
PmI0s9kbKUz5LJgY7PmjkEOer3C2ISvcQt72ckDZGbzQWZTFWjERL5dgcFjxfGtLzxdQA8jXMbgW1McLDvgBDdeSfLuLR0XC0dlGwAoS4yc=,no
tEc82HFHhFLV8FHycBoJ81R/nTOJ06hQLUTi+tZ/g89g4vn6ha79mt2Ao1oJYfd8OEHeOnIGzS9mxVGHW1Noj6uPPeary0qvihqVoaQg9iA=,yes
0xYklpiJ32ZuYDYiGsfZAYgXsk7fC3dUqgXUvQ6FB8s9Vz4AFMEf0D2tfTufbe7TCJ4tvUF3540H7ApZKxNStJY9bg73ivng+FGalNjs9Rs=,no
duVKkb1cRNM7z1rXdl4krPw1/ttpOPRndxHmdwNUt6u3uEXdooc6k6JkncFWTEnIaEYBxsGeGR/u4jnaqMbSUrIeTD6VNCxh8FzfPFAmeFM=,yes
DewwKGLIifT0nGnxBPYDT+qAynS0NafHiv8KzROWu39zo2L8qjnFZm4qA+WZObGtPWwQZqOJoAMjIFYjQjNHdFiJCvpxAb5lfR7O9iLotFU=,no
y+kEact/QXRbYYgbNMlEVfSUDlpEM5Xr5OFNXvZrQFcd51AOcOzNuKmTmcrQclPN+W/NH5VMl1HvhT+pSITw30X1iahogtjTsaWtSOVQhqk=,yes
LS/rXwWfs3ETNiGNMBQbnr/TWyeSPUIXggG0ouVilhtBGnGKtD/M1l7djnssOmeTsVeichQ9UJs6+MgTGg89PjmPtm+j+17+H6IYC3t41y4=,no
ciwLsdwAsk7hMYA0qSZ7atIYWfwVsm9LXmtz3ZGb6mH/pXeWMUaCJ/FCjXIQjATZjKH3nTLa4Vb+w8EVqptK5UYZ0Y2h5N49bNfa/nkWoz8=,yes
dryMEJ9C/ofYCtgztJj9tsFA43CpwQPKqyFajAsrUVKo09wz6Dpgu4YdnYXNVEHwyS/X3bbgaGsAb7J27f2T9CZrcJ/bhOww3acvhvco+JU=,no
PKOCFpUhgK6BpWVMFX7M77ibm2afI4NBktiPSeN8FiHS6k4BLgU0sSqZCSovdReiP9m9vHdnXTCm37P6tGpS56zriA/Yg61XrjnY6f0YsuM=,yes
+q8X3Hh8UxQVz1v0tOGAxaxUFv96h4n2r2m/rADPw4qouMF8qx8aejoXTYF4oVNNjuxwEueh/zjf/Ax93vPUJqeSsP4j/t0dQm0H4ehI0C8=,no
F2ITfPIhLTEr1DMsA2qv+OPxrJl33izO+cF0IkCB1PbeERieq2QRksi8IFTn6tQJeCr6aC3ozMbI8+ZXRhmOs4+iB9y2SRF77qweiNl3FH4=,yes
nOuE9B1jpm6BQ53SiwALlscn/+VBMHFKofTtGspM5cVbrr1V/DxZ5a791sRdizbJD8Y7b6hKi2kofLU0ugakHD+0G/yDDjM5GcTZlJiw/U0=,no
6FFH+R3leDufbXShIBJARfyKdNxzmjdsDIoatChZYAbVkTbCGMVAbyvjccBbSP6EAfKQ6mkK3mfoM0raw84dJyqk4KSqGvohmz684MnHrOc=,yes
ajW/YzcTDBLxwyF0BBXxEBxCmbwgaULbzXgRQYunKS4sW3J4FwXAgTvoOGoP3vZdk4h7v8H2KSyexoXm/IefY2i6wgUIl7MYBJjWjs2Pp00=,no
UrIz3PEzSr6XQCqo5c0UN2rZGoUT2uH65KqdIQwlxrvpMFmI94kw1V89vEtN3XNqq5e5Jv7bKJsKv1GArRIEey+TZphEP2bk0h0uGc4WceA=,yes
A1Zm2QRm1XWRfnT4c0CzF7PApQrPzxgPnC4C4p2SV4x0fdeYlAV60dHwHjMvZuU+uSZm6HuP47ioaYrgQ0HfCtPxVb58o03CPNsZ9oZHvMg=,no
eq87CUmUb7dxTflLzELAqRzll7r/nzX83+3wd3HgFRjMypYa5datPUW8RMe1a3qAgZmBvY5aMyEwxiqnD4KSAFlhUyNAkZPF8Jqt3uRXtLA=,yes
JIWKarALQIYnFS8efQYCslDRnuI+5d4FNUWBVQI4C32SiYzTNQDER+IRRrZdnZbbZKI33U2G2BCqkuryw+ILZnbZRQcVYBmuqxdwb9ELDjM=,no
l/IMIxYAkFA4TMNUf4pT9Sf6upeOI3JOgu9JfFiMwYgnaGGzvHR40eMf4xEufhfWurqYUGOP0gqOeg169kDHeoBgErPb1PDVW+l3AB95lds=,yes
x4zEJHaEjILoO+e+EmrLEa96IQxMYG29SltfEGMLj2w5dLPrCyKOpMX3/cRg/BpZw6dTwdd2lcI+lcwtBnvTl2dhNdqEy607tj606Y2ougg=,no
9/Nso0pAsIQ/YU7hpT/jkL1BqnXn2PwV6r5v0pmGoZm1XnUpvxKwVtpxx6qbp1WTgBupTQyGnY9Kr5dmPN82jQzV7hmbk9iltSZQi43eR3E=,yes
QjERt02j0oFaZy4Aur/9keokTvG0qCtxYZFFmtsL/qga4Z/Zx3WNMEgpEkUvlMpS2ZhBqnyUepzRbEF5TfEIzVsqBBYuZ6pfxkjqBP8swA8=,no
joOLhfuwqMRc8625FZzXB7JwHLK0qXS81Ui0jeznJ9zAy+f/oAHDaPWQfBeXwzJ1whbLSXyRNjALM4dq6zAlfeHHXJyg8bpw2vnIUmD1pEU=,yes
r28xeybiTnZixAgMwch8n3bvnCkYxx4szIkRhxEqs9+i8NBpeWv23b8E6zxU1683KFU320lLh+geovdoDj++OJSn5AGFlzPRSan6K9313H8=,no
8wQbXm/JjgrPDlWQ5FQTZTxrAW8oqUu/3L0CFePWSs068jU4kJrF6CwJ+fFtLBP5HCsRl84NVeQMRNCIlva50FVsK+01/t7KbWTZO9vuH+4=,yes
6w+mq0ut5gcVpsq1xomTouDcH9T/4y1r9awKqFGrMvuxppZBHpFa5MUa14OP7DLn8VM9TnMsXzVlWK9ZVTFmKMwC9Xgwy3+KIX6WBhPlXjA=,no
FtZOcXVForqYlhJS9eg/gMV5E9Mm4XHQJftBKGunIPmh9dZJBgSpnhcIjEAPhm1HViQj8vuKNURtAmh+ENWmAX5vipQZ3wrotGjMm9oS/4A=,yes
SLkQ/JYkm4AJZSP9HCXSPpI4HUf3XLqRh7Y4Z6iIdJ3dn0esEOu5kDTUST07OdHwzeZ1W5+gbRjpSo0TyMJMDCUsPPGU9Wi9tWCYnqd6VhI=,no
bOGBjq1f/gZa+iIXHY6O0OHrnIUPd/ypqHagJFEICpLaBOOtY1PsPCjL2+Lqye+tCzgWljFpuUtuquKRYJx7kkONvy19x2FnVPBA97nFuCM=,yes
f4M8iStEh2DmTk1Uap7efu8XJNFx3UZuy0kh0c88VNrzIL3BqOTAJF0pIsw9jbJSWUeQv6Fl7R6CeP7osK+KGe8rvPCre81uCEnC5/RrUTg=,no
xcBPZjsT0vTVRscbha0kSatlLLneCYwHx1hA957Mxa47K8kxle54bE1SgU0eshyLHbPA7yAzexTkuww7lL95HpCAy9U3ZLS5rsweXxsxvhE=,yes
XbRKoDrxWSDSl7KFhoFZ+YkNSYUqCwC+OaxEcrXR9JyCOLo1uSfr2d/+9jOUhlsWpVDhDmF2U/P/ddzkxRBAS4JKswtoliv6U7RmcANDeDg=,no
tVuhnFO7QZb5owiCMvNsdQsDPMr6f7R1UfYU5VvMIdMgMT2LYSheILflLc0/RrXlTT+K89BlfjR9pjEdoaEUrcs3dxi/45WM1duEpMTKDPw=,yes
0ix5qM8cnAGLyJN/R+Lga+DjwhjIe5vrLWrF1El4Q1tnBwLUAQwUKJ933x/YA40mOpFTN/UarjnaCx2zX857aEyqEUC1XBlGR6P3UnDx04s=,no
xW6VXQVV0HbqRiCc3e7LuGfBbdyCWqkHHWzy74TNxj2kBd1jgAAWCAonGQwfSThT52GJjBNwvcdEmk18YAogUJZMjk0vmD6Ku54d9GBFoNk=,yes
Ecvy0QHE9YNBX2/nIP/s0DS9RVZw020MXz+Sa/GW9fzITI7effVkKc0gTi2bKkU988oZXQO7QZqMiRrpgSv3/4iNy+wkGKecgautTIb8wEw=,no
MmLr/wfjbeB9Nxa4wH6w/I0OGu9dzTg7FMDdqPa2uXhLSDn2h/zaqorAqNFWXHYI+31qwCZ8btmxaS2E62yGvLTGDI9KwC2fN3uCX9MbX/o=,yes
WpYgVxsx6ITDpHYrjwDTxLJLc8ccmmusz2HyH+xjQSP9pnaMXZE7v7t9rOgl9Hkh40qmTwoVCQqz1TX4EWygXYSjuQnYCWuT1+qf+kq945E=,no
9qLndAPFGTgwNUZSJfo8I1fAfQFCUTe6HZcDhNNXr6dwQJi9HhH8rZCZ3cecGDBg+Tx+AaUMsw+In8bhmGXirKoS66mpvCHGMm7SiyLZE4s=,yes
E/hxz8hWNIqQ9fgt7B/OBSd3T18VdrI9FCo2aZ44ctcSqKurydh5OExoVck8vAHDCaUTg5goXam78WOHD9Uja31NzhdKqgblVQdLMWZ+o7s=,no
953YxwmEIBnnihf+1nCjT8VMIgoQi54+RYSLEa1iQzH1JVvowUqR5DIzt0ELAshWZ6JKwK7so1MqYQlvTyBGZ8YVkPcCo+q7cT7xFjKpwGM=,yes
OaL5hJ7VycD5kqXADbKS0dSJ+kr2xMNvyk13na7KgTWYTZGAfQQnqhOGZVmSmtu9MNGyQovpXY3B/3LTlFxvGdiu7Fhy7hiiZEj62BzGTnE=,no
UmE41v1DvsqTGkJDEI8fOzMpxg6epdBOxAXW3g6rRP5ryzBdMHu7h23RbfyPsgF/XFzbGTUG9Au/6ENr4ltEIqEL0K8vLK7JHVLcnyEww74=,yes
EzeOo6XNP9FEstPgKbf1WULU73Qv9pTBWfCUbQENuuSmux+6nTAcYVVjUeQ+6QG7l2W7V/P0Mx71u0AZXIFFhGDgKyjDmkgZhRHj3SBry4I=,no
EIk6huV5gkxVaAcJZ8Ja0CiPQSW7ygv0ZloXyyYRkb57PRJhGik0SO9h34bFxsmCT9MYoAkNb9tMH9aYAEueeicGhQvSrC9nNwF1kHFJY8c=,yes
GhNoY3ELkHigVk9oeyxpC/2og5pCFbJkjdPTLRY6oEEU1HGM6mguRfUWC7LJtc+VTetUVncEKBGDz04nxRwEuzff1OJHMnBPnz3AdLeEg9E=,no
c9XEAMJDo529nFH91WisIPYk9WKpTIYuNZUmCPh6UnwQNW9y3W2o+1rjER0/Ea9XJrBXW4oYaVM4mp6CqArPmC8rloktDarVU6OI8gCtJvQ=,yes
hFLltfmazR9coZb1HfqdeBODS4bzV9mRnJvh1PcPaVH5/7m9zmNZcFmDW5Ijp3Ev9yHGzvpulYzBMXaRKw8mAmJuu3eEzcIk3dDVPa12z/s=,no
QOLhSDD8pD8cOnElmmEK1COWCiQSc8QiB3hsTfECxdTdFaa4gBfQnfLGZCNtsIvfR0B+IWpfBOj9/DETGor9H0Hh6xK9BGpDLYfUQmPSbnY=,yes
UKIZrtfkAQIMvDWvdwOV9zDBd60S74ciLGGWL3S2A426HIJLWTiQFMNzTwN4DLYjqeeJQTwjM/ovjjq1JaT4kzUy5zKh2b5eMxHsBdJtEMM=,no
xmSlvarSgMZ/5tl6xHDj0hjtoichpv/ilpqsTw60ZmNXYlBrjUEEvMkeuly6t2qTqdH3kWmkGT5Q3CKTgUvpd1iTqWgDy1jBoidB2sNRFYw=,yes
Oaf9oxnilsqXymAnNB7bRtYKNZTJsVt0VzsfD2bZr1zlVS48K+6DG2QmCMzX+CfcAT0oArlknGn+r1XPmerhfOefyni4e+bvFAB/a7RMaCk=,no
uz09tZxxI5jDhiEX+yOwpMuKXD6Kkmj0JGMfpxajF/5pTKi+23s0rZmByXfkgozEA6ZdaaHMoHVVBhkn/sYLFlBeEfGSk4NITk0CADI9N4Y=,yes
qnL5GdQ+q0t9xfambgZY9WlAXPbvToawCu/NC2Mkm5GFNUtD1pYXrghwH+/D8g/EqG23Y8PqAE/914jRMNHAcY+AqmR/k+rMGS/Q6sE64Xc=,no
SytaEcWCdloaJWejDe7j/MSc5G3yIiS5Ttm+I8Onc3C4o3slIp3Si4CRK6fsBKbhQTOO1yQghlhyllBbZs15Tl2UZMrqCk1QojTO6m0gi/E=,yes
9xMIzUpZNNlXPX2mZnZkYQTFbrJboxUjgiaharfL/j90mCdMFxomOiP8dxMZs7VFtPGjqG3SDFy+ehNF+ToEdoEZF66UAZrx4eIXOhgigqo=,no
SH6Zk8jpRLbwqy2T/JI3gtE3JY/CeS4Ex5zZ1bZxr7jnSrnYQZGqR4N6NdBizeMW9t3NWbidRMgFhfJmyex0qoZyc4g2Ue3vI2EYQ4s4kAg=,yes
MLHVTO9n16O3aY6eY6MrIh9rB+NOKe7uFOhcpHhGO8JnZ6FSlQ1B+T+G6eYff326IyyAaWqEu4Q0j3/sxeFBD7tDQ76RgXyG79G+jtwCiZo=,no
h1LlJacmXI+iqYZdUloTK0wKpA0C4J1bp4G/MeAEen0NbCBBesssTtKYAUXq4DP4w0C5SMMBLiAg93IKZZtAWOrK9s1AaDzEYXrlygAOPHI=,yes
MuqMc2A30LHi+c26boxsUYt0RB/QPQ4TU1ngSfFnQTfsAQCO/FT44MsAdg35/DYcv6BPmif+PMXP1u/uM5s+vFeQesvza9H0ruphpLjleVs=,no
gMk/71oBvzL6IFOzLikxcQx7Torz7k+a4ft0mowg56YTpNzdLHBroxBUv+FucOWKXcwgWwuZ+440HR8BcBqaoDWYzrh+5TWWDDkun9zGuuE=,yes
Ly6s3G+NN/e9NzFyzyiJwVw2UM2T66fX7qVssZvwQXWUXmTo2jooEC6TRO7s5lolkSbxgsu4MoITnWIuAk4i4p7vI4ORaVROM4q5OOjEwiA=,no
aUGXlSxMHE6d0hiVmNw0AldcqsrIUr9LSFDQgiTctsWk2s4iwRfuZCQ5EcJOfZMl1uadn7mFKtA/B2+N7zdnJZ7u64XnMmLxKJpX7Qh6WLw=,yes
0E8QqcDTScO1Cyg4aJDmA+PsX9GMq35XUFcbGHgBPSuLaNnpaklesiOXQmilC0E6ahJmYwZhgPyCW6ZS3j/CiWW2UEDtA+WsaOooW2wABZo=,no
nfoWkBpsijtn1VRcxomLp1E75pbDdeJ2ol+rrC/WS19lKT3prYX9ZWYJOClDHiSpqjtvGjX1apR9nxvGqiUyG61V7rJ8BKZCsvJuptsMZsE=,yes
jw0vRcIlr3Lyjn1fHWmaxMugVFoVriVQRJJVrbeqYiXCf2QA6sW+QVdlvNfkzh2shFHS3hx8IZFBPQ7shDp5iUgtYkFly4zG7rd5TYck7dA=,no
jtHR3CguhLJHqQm7h4nWorIpLV3pu01l3vgN9WxQ+Mkh6ISENv6PWO5IBnQ75kOgBlwrTB9woAwb0V4EMIA+QftKzuMCWJ6doXTEB193DHQ=,yes
iDqVFWMdeAx88QshX8y669kWy3Hye9/ivS2e9DwU7z7WpcWdsAkfUPOOL6d1tFaMrH/PaUoqEnKNrmSaw9QRhMu1loDw6FOEZt+TEJ5jD8I=,no
H2fGACEnajRd9DpeLHa5f4orI4GKDmfNA+r8lSG9xV2WoPO7xo6ytVw0/xkFqs2fx9MNcNtptkVrRHf21TO+95wEJR86kK/UtWP2PPstaNQ=,yes
HKcqXqsuws3orjnrC3bIRGPbtOHUej84mzCuq+UpI9xRQHrOGZrwQksgu2Xujj8d4ok8w2TKvXAYuvGYT9TBJVYJ8m8iVosDbxCFdJbk8q0=,no
YqvwMY7ZxX+zq7PF+ZLFnROG7rux3658N7U/QPvddvB1cWyUgMfiBHhARjeMcmF+Vlv6gro6JpbgkHcN3HudFxSW+mi84DaLMo9zNiFmpA8=,yes
svBZjD58rIc1PdCUGDXmLgzP5rHFfu648k2Ue+NeJT4+6/utIRmCZr8ewpzt8cQX43mE4myFvoCSfapxmAd2/xXCiMEpYT8OdcGgPJUanIc=,no
3JDTLH2WiqbRVLwvQFjzCmRUaUyhpWdPUvdZPERw2dXBEKgmHYc/XOmeFwVqqQ6omNQVrpz8RJ5Tir8SrqkfhHjAJjVG4/R7Fh3sOS1LDG8=,yes
wjg0ChEWN8PdxJCiWTljxwURmu63eWfjJ/HXLr3L9vp+puAxdgdtZUQblKf6Mqb/VWLDeDo488eZeruUCKbHIUkjIOODzXvgDwNpQaZmqUU=,no
QiqqNjbO5TGMt3F67zx+nuKW0KpZThVe1MODJtF4e5FQvXtcYdUCxazQACZbvSMDxrRVthM0ywkWzXIH3WsD8j2vKhFj9ota0iCKBu2sKrk=,yes
llowECGfs6S5bXi+AFi+ZwWsPmRkcDJb3eWUux+aV5JTt1pLJfyH75gVeWUDDxTuB6zT7j9j9mkiHGIj2PJ75tMmzrHI56kWZVm98JkioOw=,no
CAfQyZ0rn144ss8KwCp7+ZClt/cB0HceJCyohf5mZ2MmooGJM6AJJ1sbiadZBu0pTj2cO9RwyIZUtoIpsJCx3hkVX7qmPsP9Uw7nGSsdMmk=,yes
Z0u3dKrrqowi8DSHtQiIKNIk38R8WII06xHCgMueaKAlQWBCcKKv5EQLtbokYWS2QvJn3HzBv/yQZXj/hliqlSFKgRqKSzIR7EbnNaYRSz8=,no
cWV11QhticIkFj4bLQccCbvWEc6H/7dP88DeVHIZ2AN7PZc0cHqYcP0MUCR/Nyncv6vrOhhCm8eupMm+y1O/rg4684fZoVql5hE4U5OYstg=,yes
/2ZTVGwjDiPfqM43Ul/U89/HFBPnjbkBRY52o9qJFNbuOr71cPupHkSJ8KTPgPCsvdj5BVWbuMP/vyuVMbhwyjuVtLIuSD4Ux4O7pCkX7mA=,no
WdItxe7p/ya6sSKnqrpOFDFWgksUaugwZE2uEL0cbQh12YBxbFU+Qqq/G5fnR2X6d+D8ueMxR0LPtYstPVB8MjTfOyM39BkoTyHsORB/tms=,yes
JWwBUuqiuCbNekOxTrrq4sfd2Ek54B90AzTuOkGkKpde204p4pSzx9CqOQ/gtJYWx3jV1cBg7LffS6tzaO57I4uldg9pQ6PssJaAcX+5DFE=,no
7FFF62YH1m4FfzDF5bPos4cdBRPTTvAWF06so+kb282rKrVIRFYClVEojG4WxDBzSF5fbJuySjmIe8i2wvYsaXFyQZSeqmPAqZ0dcKhmblA=,yes
pbLr2wPxqOl2ZDGsmgeS+kRG61akatyf2VTdl5gjYhNQHXvppvbvCNOQ4SRq7QwjNjZ5vfcCIlUFnOYOlxC7FgegMeDVGR5+sehjeWn23qQ=,no
eP+dQ0IF4IYXhSTkBcRVjZRSjpfCEG3eoJnT0/3SQLdsuQGtCEV0nOSkc5fPKOzPoVlKW0Ym3HCu2QEjc7VBaRW+015lig5wtgVsfZV7o78=,yes
DeiT59aM1xWZ6Vif3cCq66IA/60Lg98yZUmXTHaBhX1rm+D2xaKV7xuQRK7100l6pkx897gYwqt4vYZftkyrDo4pJ9EWd99y6dkkaRpLESw=,no
8GlQMgerpakxgzCENdySANVRkqqs8ua41IUQb17FmkyU7XALVbskF2sICpqBh50gRFHyMJQJsPbODmKwwI5wzd004DcBJ6Fo3s0zwIt8edM=,yes
fasWDwWB76jxqJ3HSYR96xpkZVQqozfYaVnOrQrhzV85cvq0kbKQXpR9oeC2I7WQkrHudulIa3fZO+/80pOEdGzrGrDlHbfeF0jTCV5+f6c=,no
WpW2lsy8ykeR1aN63ByI+GqN/9M1hU6wZ9igFnHCXRHB2dUVEEDh1UwzllQHU+kBNs8MGjmhTj6E1hlzyxKlKGCVE7KPXGh2nW/BpwVxYzo=,yes
BtHBai2p1t6bXF2h0MH6TJ5hgf88enMLUNbOcDy11AYcfQQuqmIX6c6jRA3/ZnWc4RbBv4CdKxOUgCTEGLClFrreZuoZA/t2HEOypkWZfMM=,no
qkqsPN7w5Put61adpc/ypL0oPtXQcAqvcjWSN5q5q8SehwnKu9z5kTPgXQKK3Aupuw7D9ksA2/zITv49JrQXgAs2zQ9HmJYGQ7cgWz8k4R4=,yes
ZOraWkilozNqAPC3fswN/y1vjmv3L+AGn53pXScMzXEfFthV1MFNFwfoDCMS8rXb2n3LRmmV87sigSKoaQelMHEYsw7oECU9BfT0LSrT3gg=,no
xHtgJKkjPCnXjF2Qmue/S29do6kOmlsaIUFu9lMokqZPpkw7+8Rqc+AQ35sOaAOwbl0FYfQ2f1C0KNcK9PhG5p2TSIo+LThamWVI4xHBu9o=,yes
fqKnS81sngorVe91ztyvpSMQNpQCHny5wcnjkr3dTC+Na1AUWTUyh3+2RFbMqZs08fEEIEiKzVof6u2LGZHfARZ0zh2S7FUgwn4RVKtpSUM=,no
/HtLeyJkHSWl8yYAMsrxYX5xrEFEPu7RVm8A3PP+w1oboOPLvuZmaVG4h0ueZ5QPdAziadE/7auUw4MVoe74ykDSBE79RTDh737XNAK+2yQ=,yes
X45yrFJu+OeGo2aU+dufhBNkoWs2oapSou/Qjd4hi5DrKSForsQhKZi/HXDbyQi5KLX5bmEBqRz/rCv+Mjcwy6zLIjhi7L/hnsVDuhe+k/o=,no
PxbUn6vA5gS+RVn2PPxk0WtN1ts+ryRnvs6t5ENnC5bj2ESQxhPqYeTb6fUYLhGzdFSLRLpoHpINaL+J7DsZKL1/BGxiHRHpFO9fuNcLgW8=,yes
I8200YJTKJ4vNGSnhWMW3KkqW+848KxhrFsZOBCsPfkkRBnnyD2whoFZ4z9iV8BVrvoMlblUDQ1ed7E/0sPwK9XlSTohYpmJLpXwyOduJK4=,no
tfTyXS4Kcsp24DliRezGBtIAyiw09+ZaiPd/Y+PNA52RQAT9VJOsAA+z2tTo7Xdq25xC+smioplkexH0cnl9/Edb60gkjiJ484YPYq6cIk0=,yes
O7nuZcJcn2YBqrZe1QKpssqM4WyysR16xnOGX+WlfJ3Jya9l4YBUIZ3KM3V5G3/w1MyEWza+NGdAWurUzz9PlT2kR7TQ/rcfj+OdupEuQ00=,no
9BFLKeHnFKY85TeWeioA+l+hsZoBX7+jKXzowV1ELWGn2jLgA4pmNkU0o+nm9Q8YbF/XIcutzTAZHI6ZGxCfrHZywwamcxtE9QYcnic7dtY=,yes
saafoCQt2MRJxlm2iwmTSgpwhlqymxqP9Cj7u2sY58ogIW033tSFLbA6vQrC3R9DAvgafZ6N7Fh+VMYEpbDFTQj87ms8EONvy8jPyL8EnSk=,no
AmLWGS20d+6RT4EgOxdRvsb9X/yhCNtxUT7IAepl3aYt9VdE+/7LPT0FOibR1sZEPYMczj+/4CPggjRAqv+TwKld8TLXdKjHZkCF+zvxX6M=,yes
Te1b/YNAo2EDtOik8QaSvUWRPBxae/a63/JrRbI0+VmQV3MExzgsn8+MousFq/6lfh5TynHxqiCuh2QbVlkVO+unAKjhMWowO/5IP3FLdbo=,no
+YDgTFhP0qn+69joP6gWG8REaaUZ2MSAel3YkhpXdfuGRwTX2D+4ro/nM3thz2WYvbgfE9n0pqlXgCiQfmiSinhzO1qIHV849g0Idmq/xJs=,yes
Mgx8XqUuA8MG+++D90h1Ux5IL7/FAggmu3g7yc8QoEFM4hj2yzRhL3QRlHj277h8Gfkr8e+8d+xO1MwlP0UEyKWEtXtuOTowRwrRezz70Q4=,no
Rq0mEDe8qPlewKHotS2+gE+arN/lZrg6TH43YUAg+ivjO0SQM/OFPAOTL/l/9oC+XvgMsBzaJtus4+abkvFU8PeffXu+Mjs+5iEPBUY+2aQ=,yes
8oY+bv46mD84d4uHxwUfE5VxVJayeaZVvVLL6kKnjs8NzIbnPzjueycYWSJBGKHu6Y3O4wKNgcT1N2kdRCMpshAYbMgcjDPAu6jKqWIfjFc=,no
+L0n062eKomg7q5ZnPHLsOgO85LbzBiKHLb3ZRBlx9zaIZYp6KcSy7OlgiLuU495I8/iFvgLk2maDHht99HYLHh/q/WfEHtrLggaUBgzTDE=,yes
XYayn38As6NIq29P+hDlBaqWDhILjIocLewiAeBS1hR7MnXDqn/kwaIqrrEMYENqlDcvo+/hE9j2rowQ/cYz8fxVqGAnM7d9lW/BMghNuUU=,no
bGVxnifd/lBCK+7a1InZCsBxQ8KSG9JXF+yGND1jkegK42rvtAQ2hZvaElZdxLIrTLfO1UmG11hUHQWcZIc9FfBpKKjqeGpheWozKpFI4Hs=,yes
MK4uB6LCy+PwNREP8CbGtJaPzB0uJe/f5kOjZb+ULpalVzOk/z7SCKPpqGah8LiojAw9fSN+tSfuCEkmymOwN4DC16blM05kLqv6Oemlc+U=,no
8wGrKj8E933CZ3Y6baBCkzvKYwyXUxF6gI+zu3XRPDJSFWX3lZDQhrG3ExGmNp84U3xrcUq1em/4B5lp9ylRcCe3N2qozInHG9nI4/xttWY=,yes
PrsCrX+fazVUFpbBz5KhQyTokeeCm3e+S2k/QtXN9Np5oTEoz6BF0rJ3x9Rt8GaNTDDFctMNYLUYQApws2Dr5dvZHj8WRluENNNmPbQ7JMY=,no
xJuwzkwj2cnDA8IR9RXf/+ahjy9Yu757pBBkUwtVNhORIoFF+DIWLqIbNI4oT4WRBnmnsjXUzhA8XZKTf2jIWsGJL9Bi+pyRutuEi4bTbCI=,yes
s6VF9y2PKoQujHuA4LYcHFRC+bBs/vOxKY+oeUh+UhLkbKEHGlAD4+J2KlmfSv3ETe/yURYO1FGfpH4MjK2/qDFWyvNWcf7ByORHBVV6yns=,no
5D5m6jXzE8ncO0ZBx29selMyHQaQIq3LrnPvwMeHDf9ggxJCu35ZGtfy86ZiH5fz+qgcCh3ge4V5NJ5IKQk0cTwTRWzhmvr+O2ueNGClvog=,yes
LOo4e8x8smeUzbs9sSUzDwHlNCQmJwGXGDjrph9nXYZd6UjN3QLYybYrbv3LvnneD63L49pNuv9IfQD4Vuww77iVfLRzqNXdZLWR0dRrBac=,no
bWBq2wP93+npduyA6uAiv/OiJKfjDBX+DJIRW0NrBBsdgWg3Ntur1lo/ch6HuvjlYUfib6WDVTWqudcsSG0lAxaLsbCNy3PVgTgx2ZqZSYo=,yes
kDF5UZjZ9Z35uuDOmF6mVMlR6j0tD/PWvXuFLgNPBZs77m0vqZYxjP6Eizvo4/bZBljzgFgKyDaz8LopGJAUeHNhbZv7ZlTKllF2w2S865Y=,no
EE6euEPiH1qcMIti5BcdzbBa5r1VulPHiA77qaczgcgB+nEwePLtz42TVvi2Gl2y78IZUaZr4Q3oZnpuhLEJpnhtBJKkDtPYL1I5NuVSQ9Y=,yes
X/BMmqGD0qJqFpSXMpFHdrZH7UHnlS6kVt2SrY5MfD4Ps8CQ9VxliJNQbhCQ5XvuDNmYCVfG0GWS9yXcmdWxJdHMvYb4imkIiKc/M+jG3gM=,no
A1pBlju9LbBzfWUi/cL9AqCctfKwVL2jmNwvf22XdRUhF/hvikBg9zuMV2XNN05BGevpbadYiuZs5f6FN/f7jt2ONJMJUBgaNkeQM2YW6+I=,yes
+0aCEjyhn0e74HQK8OXLUI+ls7RgJq8NDn3IJ21RXI3gT65u6Tgpp4xyLJFHPPU7jH1sZwNtHLdeVVWNomNpTCK7lDOdpH8xswZY+NkEV1g=,no
jm77oh13hMvBduFX5zQ1ngCUEii2FKS0tn+eh/8cBmAUasWPN/jvif5onJ45XlI/SBoCRAU6KqQ9WN8iqIeRTat386LdAI09MoVkAaQeo7k=,yes
2A8F50O2kJqgPSNE5SxnlMGFBjcacY25uvzZ7NnOCJkQwnau+ikvQa++sIC67czkaGoqkEEEbXpfKeru1i7TAgCSINt7KSal3PfSzBrdGTs=,no
kt8JLwfbCHd60Yj3gL1QF8oPzegz+RPwJYu1lxpKZ7UZe9Ju/FMtlnb2zU8mdAaI4xRYh0k5Sg/X1iKfniLHIaKppoLlyDmwjUlwuwe/R7E=,yes
4LD01cIXf3FST/anF59uyAZw9+wS2jaKYOPWiZ3FwtvfQMtPLGmjba8etd3dlDqk8jIN8pPCpQI2VKX6TNJPRoVdhblY/ioCBWWhuovxsWo=,no
FXBlL+ibV2tFE6W6XVkczpohYiwB8fMmL9m5E0qpib0rZvGzS9BSWNZasMkPheD4WYWfHlvogpvABJ2eK7tcIxyJKXTZukNqux2VtrSM+KU=,yes
vadpA+KqFLIrseFAq56s2XBgAgxiU2x2fFCxipadJAVBJhlRaEiPCcwDrd8usIqCKZ3H29AkREad4BuCCrcCd/MNaqHHcY13emukysj4sVY=,no
qn7AwXqmgGTVUG+wm01zGiuQ/jjUbjdzB9zZCKyVgEW6dY87pn2avKWugNSJSvTl4qDCgdxj+P6Z/JXrpKuMIpWZI0px/O7kkYiiC/VmS9M=,yes
pCZVumGHCW2NN4gdo8IBkW2intUYu3FXPViy0su9zbfWcIWFR+YT1RT/8JllBsiHHjx2heMMnx4aOLjxX/nhjW/wyAhpBL24LTbj0qFyj+Q=,no
O1THehgDcXpPhS5dML9B5PdIR0qtlqvapO+a8nhmS7YlADZ7PVhbJ42J0v+bixsdR/isUuZpOhncZJ1sbyqxXlLrmobH93Ahe4tv2Z8CfGI=,yes
HWcxGZBGf9tgbmzjVTCbLjqIvkyBdoPRy+41CuMBT4LmyUGO0aH7Y8FEmmHso53Sty4ZuvyNMfo77W6BL5JA80N3W5ZLShPjADTxHxxIiP0=,no
2YZr8ltkCUM8rKf+JCncYITdkIa2+h3Rt64Ujj6FW9CBVsievPo32hzvS7i4Rj3XI+2Xx+9MoC9j11yEyIAAWUo8HskZa7RH6lUIL8+LeF4=,yes
y7ESXky4RFRmMTKttTcVTiW9bI70qUcAFell9tvERfrcEzgxUsHFJI7UcLON/NMiug0rCl+mDO5pLiOZ1xV+hPdr/+ALD9bXXTovW3JEN/0=,no
IPCzMTXKaGyxnXJ5c38wstkMEiEyyDPle8XweFqZHxc35n+gzKkeVRtRlITD/24m9IRMIygiKnN8G5Q3gUddnAkKYmcdGzbdVUpwgkexMWY=,yes
59wUWF3j1PHJrwBVlKRj1Hrkr/nJEGyRb1D5pctApEE2xuxHNsKUfCoeMdhvXMEp2ASiqn1bOE2/0c7YlqQ+ChO8K8t4HeQ9MdvyYeiIOKg=,no
F0xsM+/Q02RNTeBw7Y+h1weQmJLCB/3ZAag9ioDUU5sq3fJKE3fxqLVoUqzkqMriNKyZUY14PQQ3ah5u8n4xfI6rKN6Ry06HIECybFkDQss=,yes
2iiANwf6PgcTYDkSo4SDozFQBbQEtFj3qed9XoM8aJOExQ3bgLer+joBqWlLIfDyolGvjt1jZCPNgaW6UEC0W4EwKSGCr0pdKt5wR4+WCNA=,no
SSmq76+ujpA+5vvNfK4PkfZK+rvrrrPDH9Hzeb7Tm50DVdzTtAofmGfh9ET+B+u0v9n6rVHKRMsmN89K429JVb1LERehI1Zk14faHu/59hQ=,yes
EZ+Y+hfSoVRSBT1uzTXrh2uhnv3ueJI1MKTmw0YdLrBX/TF7Y1JrTBrGpN3HEs0JeHZlQzbLdiUlwdrGwA6wxcf78hLhf5g6KpNPfsqokck=,no
KhL3272Y7WncNQbt+Of29vtHxYfpe7NOBaapmzJ0oFUxV5uR6XiOOSH05TdKIrbkCsjE6yA4VzUm0VS3eWmPJTNnor4YAl3NHuqciEccrIA=,yes
WCLr1ppw4BJDTNEe7GrNHufXdnMSUefp1V53PZO/0pNLgk9wm1IWxkuoYld0DX1/PPdbD4TkDO1q71GLdBG82HYr71+wgAfR28FiMJZvPPE=,no
Kpbdc4Uy6nPPumKkjM16jzInqUq0KErNL1cCnLwSDiC0HqDkC0u9Wuz99WUiIm49i37rSw6/co4hdnBF2KWU8JdVh6MD3+JRm5YdozPpXWY=,yes
8V6z4F4ZPorFZAAd3a7QyfMQ2u884OklZo36C94O9vhTQ1NwQlp/lsPurJyaWHJ89whgrnh782e3LKQcJFc4gyN+Q1wdp3jIaPxj9aQMFzY=,no
UcB3I8fkAIziIdIdMW5Ku7p50GzaYn/SC7kLUYsWtTDG6dz2G+aqvVVdo+j/MTSRUBd5hkfESo9BDzZrlTZCsV9Jqd9GkA7BoYJP5/ocFV4=,yes
/rfTNENuLlReoyUzn/6djmkLmJI7Y14JmbyN9dLGKpVHB5a5zZHBYicb59ZJjgHBvydSzZrtTvTrvmifjZuho5sj9JIPSmVzujTun5JsV9Q=,no
F50RiYjxOD5ePW+2qJwi/gM7bOb3MuseiR1m9r9yQAXlRd+WDGry1yYzbKqv7VAhjjo8u8e755pWaTl39KRD8TfPrpwf+y/B+QlHz5z24/g=,yes
dLWszg01b3qiqqufkrGtXkxNDVrxo1KWueGQlRtLxBRG/9MUqlXsKPMz/A1XUKFKgOZScqVjRFjRoCHauUGd6z6ngmfg4isCIbUeDf1RMYw=,no
XWvysXIsllsNc+6pa+0NscdIYx9Q0TYUiWjTY7vmrEn0Xjg80gfD38muabI+qJZ0jlKpbRecE/zTidDGhbk9dcNIKlFUV8uDS3RPyTyleis=,yes
UU6W7gW0FsQCl451JjZJOvHJPhZQNeA0oX8ImLBbbL9Yo1pJW4q3qhTBNlqgeF9aSRY3i4EcxshpcufriWnp2+zNlE1FChvMyKN/a0dCCCY=,no
hH6LQdTTvqqCJsk/BIZa79DCyZrnSKR+p/ex9MyQ0zrtCXhGEzkduKstNd3MSLjjasxj7DcbEYxOYCRJ8x/Jz2mMoMlqfSGKUW+yu+LCHfk=,yes
A8+5pXt4Myjt4mjPhOVgZoH0n/cgMbHqcXqv5KAuuZ75lZWME3vAQ+qVXwew2tCKeSB0f1sk5aOCXEnd0ghwPyorTJ/jC8fovQ6v/Cf/6lw=,no
lWKh5mPhwKp26ilq1Pnsv8TFn3fgd/S1KHco2Grd0CyPDyEFWFjrzkj7CyxRAsjjBW+O8wkDO86cqXqHsbRMiTr5mboNHIdBU9rIwcFey2Q=,yes
nrtMkrafGXkEUYx7g/fU60SJI7fyGEXEuSljY992hUbj7P5lJDsUBUsKcOA8yZAT48IJaF25bRN+q5pCfteQFzClPEpE19X5nv9E0PM0kQI=,no
1R1jLXgVQQ7dyAjs4XImufqazNBKinDJ9Q4F6SPk98MLhSUu/uWOCvGj2+npG6kW84NYrorqW3kVrWYcNny8nQ2Htd3b+iLX5DD24Gge4zA=,yes
wwK+9sDzOb8yC8NzGwvDjbpH9AoINAudViQtVfdASlinS9lRl6RloqttdeOXLTUlwpLsU86RpqjuZC9K5qoRdpfa37w40Oh1eEJ3EXqYS4o=,no
MPkm0R4brJqbutH6ZlJom1v3f5opI4NocCHeWalXirjOsApzzSt5TDWJAtot/QAIV3lIXgfLLDpnnTco6Q70Q7MIBrYRhU0nVEBshTTD26k=,yes
sGbzsfTpnMLQkdVmCxqct8gYU1mKM+fWJBP7VFdOzI+W2GQpijyJoVYoo5q7WVi62v5nr88uZjeLsnX9V7sKDOBmgSwPuC+5Ebys8bBo3N8=,no
JOHLZDcKkpA29Mb4OhnGQSVx0WbvgIefRYMdYaGOvlqia4v6ct2H76LU8fw7fJSS4pvEmsT+hwMBxgpfReIcJPFYNEAszw6ssro2r9sXXZk=,yes
KcmtZbuhrrXPr89pzXa3cev/aj6gBlQcSPB9i4mYheadFC9kEwYBil1nXszxzuIWAGal2ToP5QtZngDaqIAv0Zb1ud24lWtRn+TiIjEBqLQ=,no
n65kJx597IkUIuGHXBH2h8fOM4Vc5fU4QGuQDseTd/PRXF/+6KKD4u8VsSNzPH0ME2ojVsJypVWEuzWYhYKRfyugts5NxTxs7XT12joz+vE=,yes
lxBPGsOi3TwZ2M1ZDrAW7vUHEVWw+wspnZL4GYUYWyVKiKcOFXIL3APCAvtIVXVD8Q2lh/9rGkS9mG6HA9P38CqQ0FyA/QB5aGr10KSYQX4=,no
R2d4Ztp+tTiVEAYZLOIxmjyiCsgrVizwfJKwNc65AZMej8mqQfJNgX5Gmusj71+p0w439jVHNcMr5UpbCG1x2oNO73f5Mu3lKfuzPowu/Rc=,yes
alAkE+fl6AHmQGx6g6FxiqhFKaH5aMaG3IlgAXdP7Pv3T17GEcgrdzy0rxgOesgXHuQnBpmWVnEs+z2/9PlrpZGiILsPYcgcsbdnW1mMUPM=,no
ah0oInZ44p8cvONbDLNrrJJkW5sxjVmLD2HIRFkxj372M8ZKojRJnxRg2nndm4aLT0BlRatdCgKjVAIsljhTVRZ4MyNWu3Zy+NBCTb9LZD0=,yes
EQ2eVmZaWJYIeZPRwasXDlY+41IN0FUlJGgv4WKUXF/cyl/YPs8fxmiiGRvj4mS81Z8hB7Vly/WfyyDTk2jbbuRnaRVQO9d91jPSFfkTx5U=,no
0cYvhGdB//AIxsk6XgMByer8Sg4lVFbIPXkmXWECRo+Jr4qP6RgEbdTQ+c54rdRp9LV2QLB49beQ0Lna/nloBSfBD7qDDSGI6kRMZsuT3tE=,yes
UnY8HZ3qLRtBZTrh5gmh/jSpbpunLYGGYLPs5oNNIAdKkSA7ncqveG0it7mHKcWFeGXCcDDbrDfXWshvPnJ41KyNUmJFjsg3lxAvficdrRo=,no
JqVNKfKTSHL1QTgUWzqSTnhOEPk3OW9mVkk6aEEA810Of5K3dIXVx5ag10TBPFMQBXwO5cIqiEnm8MesPpMnvnCnlBmkbZ4NAWto71W1KQ0=,yes
284oM0cGixdGr3fHalqoqipGGtHYHc3nF6CSJ7GbAKKhYQt0sQRHIR1S/cYJGyh6Ah4ZmJQkXJ+TKYzjDcIYk1nYGXTdNLkkjHSwvjER9pk=,no
EOGmkVOByYN8KkbPQIAcZIoDJF2pgSJllo8fctICxfXBfbYQ8yxLNpQXotsDpiiVHlrcDcsItrtFcZWczYsQs0xsx7oQqAEDf1zJgkvjECQ=,yes
bWZ+k3YRtsWxkPuLg4c/ViprnSdP3YusRBgQU7gjN+hZH2UzyNqvmY1gAVgky24O8pmjaKq0yG3v1KtB9J6JQFyBmoG2hfNgiqKolG5Sev8=,no
5DHB/h8Lquu4DrB3+oSlrJvWD2Yt+hgRJ6E6CXPyTX4i+i3hUNH1iWWjKACi3NtKGh6FRZd1L8oK9R6TAuSry27nwzuh+Fqn1tlasGjz8+w=,yes
/ZgfDsVKD9BjJ1Bd1L70j6dwS4McKHRP9LFFENngDoeXcaE1Hw01kdJzpuq7YQnXnSJsqrRnpnKbvY1J9J/Zubd9et2qs+WtUwfFcixTEi4=,no
4Novcqho4Gu5GxC35Up6pHwh2/AZZZg2tvufR285ieVU+7KMXMJKVNIiyp9bbv/7yVZsh4WZKvY2wE/wdIfUDmgMOpt+sXsCHm9wRmMyZkI=,yes
iNmFakXfDKtJkBTcfS26Ddi8afS+3oxiSVS6ggkiqJ1ux9QAdIyYsXp83wBpkBGQpww9SwztoLQZkTo6TieVIYuWaFJHPqTv4hZGoEYB+Go=,no
A0p8loPu0iwhxCqN78ccc9UBu/UOjR55RSmiugW2BA8OnuQEJQRMsdyOWczrNDJwm512A0RJDqRelYpLig8PKM25v1P9ihvjLTAdj6SMt2E=,yes
9WUdSCELiz0eU1HIMGZGO7i08c2TdDIQlQMPUmjyYE3+KE5ZgPhPhyXo2Hl5cgZN1PUzjKUl4p0+F/Y7RVwXSaiwO8x5JnVt1MDcqVPhgzw=,no
DEmOnl94OnZ9rVONoF2FEGGxJgli8X+9ae3MCAALCjDZnDtoKLb0/MZHLrjbuoduPWh0JV5EGwl17Jb5/1YlKwAZFWqdCEnuGLfLfMvoQVg=,yes
OD7rNTkhaa/DNx6X4pw1o147If8CJRBWume5vLAtcmjNtVMg+XBwnarD+8C+X/F6v2cO56bdO0YNfTyl8uKDAXbaIzXev2cYQfGrbjs6pEk=,no
OuYhOvuf6YnAO2ytbar/6acxz7vNC1Q2BHGLvy2OXlsIaVgEw697CKC0V/T8IMLO8f1fq78Y1TMicaSOlHXTzuCayMOhbCFna6ii9xmtNt8=,yes
5q1Y3iy3ViKGx+sIrL85AZI/wPDWsk0k3jGh3dTzCp12KD3j+ZuJDbAWcY8Cns80opcvZFRh4/M6Blb2+tCpCOZbKbrrEUfkpWaIlFAjmLc=,no
FFdKWISfqdgX7UIOicwUxalNaMprhi5sOqX8rrF9Qjqebq0U/BIEV27JpZFnklzHg3kCF/JjOVM1Md2U6K/zTVgnWlgkLbQOxhWJV0VFgQ8=,yes
vQ6rF3B1uRro8PIOd6b/zw6zBaWSIw5DE5ftJVbjuhzrXgxyl91A6PUJD5fPz/BAdd1/64DmP/lYxoPiLJf42pTgjpIPR2pIeMI5t83VNBg=,no
zWbb98dE+OJVs9Po7zWu1pXYoHX13Fv1ZLSPCNdRVC3nqoRsWF1XUXUjvANlipd0wnMExEBPY/Bt438U5vgBBh11OahXZKFR4PlFdXOaGM4=,yes
K279vIxBQyosn0j0tSkEu8xDUiCqt3PsMPeufP/C6Bl7hfaDpPy4jlRxhxYt97KgpDkWzutmZlP333xWGbPhldxfDmCNbC2JWdQxqpTWk3Q=,no
uA+JIhAN/0qohrgMN5X7PW5yPYlT3QOR1SqVRlDLJjglaJYYSqrBbDZ9PcDRPZ59CWcPQZ2KWorxuFLqp1i9o0xT5syxoqJ6eljE6bvOzW0=,yes
UsimIfH18t3omNCYlo8eARbbSjZFcGCWvUDCgYVKswChrwGk7OSps8cotC2zqvgTASHoarIudPn6xDf1X9M1VnpJS9Vzi4uYCOGte1eoxPM=,no
LBFH9DhmyawwQaZvzVv8kNAWho70azsS8MAihovO4fChw9tvpisg0BYSKB/GLRqq6PTpRVqdcBXmddZPIu6j/3SAt0ryAoSp8N1d7njy7Gc=,yes
bJBs32Lw+d6la2OSuXEChcIpN5PdYyyNeLa3W+eRiCyUU/oDO515IUD1ug7cC8nW8Yv1iOy3+zAPUi3ywZrqSC8uup4kc1/fr3GLK8a8KwY=,no
w2+8ohT+K+ppeJjIgTvOSvmEsKhFz9VW2pWt7bS9zR0bmMukEhFy9/v12D2BWYJg4glJD3V+PQwvqGin8vAsIDTFlYDf5NBfzbIuQy2cRSA=,yes
xsR2ccRT8av0mipt3prEevMCj4lsaLtpotXeWrSnHVoeXo+ikJ71e5J3qQZEcc0BGDv6n0sFwCA/grF7oiG0Af/IMDNW1r5r1oT/4I4PN4s=,no
WCcZo6VvF2an44rDNkUR8I/CmIp7A4QL04awrBg+z/agMuFGXilxnhcoVj9iHQGLvO2b57q/Eb46PvedYxVHBovA2yqLqNQmcBAXv4SprnM=,yes
Sjro4QOe/nNEKtTG60eMODyDQ/X3ZhBSjGYc2rVSkSMYOlRp7USbwbxUPhlDGNZMIxIkCOoFryhJ6IlFaJ8fN6/Cop4BYhMoGSVS/O9XIlE=,no
UYzB9WPPAptq1XFMZ7GU+6lD2Qc9hEWZOwdc7SuYk0CfPW6oZFYze4v7K1gSWu/RwbzluM7SIFsqdtzPDjagtenvHg1ZBeBz7EhXLxJUozM=,yes
mBtEtc8fORaFq0WA1QYlPzHnicU80jGKnFVkF8t6wKSJlqMtP05fPWYTVClkRj2fpJ79j9uJmKbvWf+VPF+2jEFufXLx9NLXLEVO3Iocpww=,no
NhWv4WB5CckHQK9r/vweMShHObz5SGLYFWSg9W7dsasWtsCBVBhf1g4vRU7WmCQZRZfg9DhjqaURyxbYkq8WXlkY+nAMGkm5INLKoByDCxY=,yes
uGAqxSsTX9N8PaQ6KaFUL5dA1zbaZuAQXzyl09qW/N1YXJeyi1Y+HTp5xsOI7fKFBldSPFsAy2xCZ9giuVWjWG5nqs8oQssC+rGLqCnSgts=,no
lAtln3sMTKPOn3iSgxOVmp2RL34lXhkKp591ZSH2yptj2LBPXCHvn6ji0hEJrbxAN7RPurkC1NaWgG+Pyqi/9tQ0AAFEu+r/38kIp7UEWXs=,yes
t9VQtltgN4cou9tr/RdEbL83XWkqUX5YcNfPJrlR33zsDNKc6cko9R8CvYf12ussVF/x5nsNQHVb7ncIj5NwFMjXLiCErMXfV8xfeNKkhpA=,no
EPLvMTovx/jfcWEzN7mUI5rURYb0ucQ5ZEP3OMEALOoAjV+/TBIHA8zAjdjiEYA+OmdJfgt0oiNx7Shiy7u8iI+RNW0rUx/UMOWMz7n2hm0=,yes
vvp86pUnwlgHVN5edFppG0a/MounHm3FhYrGNdMRbpWNZAQ5NMeaZHi3Ag0boJliPUWJ5qVTj3hHbnHanRYKw5Cxp6+6AOH93Sm9KrFKeR8=,no
BoP+lBZpury2gpFazkZvZki9A+mIfmCsb8vP9Qlybeg5jDxgrZqeTLQRFtPn/P7z4S+69VKbbsYmhVm1SOKPvo3ZbGPhQOAFGFUBYXanWEQ=,yes
8MmHftOvnAdsVyO6TRwMzUEASIqzVH9p6QlZzLhKDbS2oJ6wjrz9rzmACwzuCWv3ZtTnJ1Pc5//R3p/nGwuACzUHwIp/imID3WmWNakumqE=,no
CGLg0wCqWGn/WuPNzHMQ73+TvNIiMNeB5fBrjy93gEiqxPQJKVBjCYz1VgydkJ3Ju8P7ODH199c+1WYlzI8twK9NaaE1OsuLQk2nuIsQHFE=,yes
M0JVHudDGukSa8kS+CbAk4qUW4u/zP796lgYUA6uZTf9WqmmG0thzqtBlJlCP9qddg1DM/jZ5sGvT22qw3bmzkq2stqwEYSPno21/C1beLY=,no
YcSoqM09jtGtncnLbRaJCbVTsbgZ0lz/i+ZzS3bFATxuWT/7WgJ11sSO0DHDracP0/wDNtgmu2NNOTxist9OH0jUzj5IG9GyAv5OxlSwfvQ=,yes
SuNOHxCOTMDzsO9bEpw8FoCTitvPO72fH23TXWICgGbV6y3yHKJUe0vFAHaRmniHHW0ZVAUQ4WT3T0u284SIXKGb6RCeXMLsQIMdroKSWz0=,no
3wdWa6SH9rbI2mUJPL1PF9FS7jXsSJINP01r3xFtFJuNQiGdZ2esA2wIlRd7x72u8sj4jvMtrChPpCxhKitDNLcqN2Ncthy3S5QIauotXuw=,yes
0MHMWTTAbISHl/US9AuLdVLraDcFsjESYPE/cxbtjS3WsO9rmC4fwLmR3Fqgx6d0L9JQqYlY8/cBvm4+n20YVrii1PN6haNsbme6lMy3/MQ=,no
GJN3i6pkfAkbPnOWaHmJEQWuVkT9CpVOwkwlAbTyw8HvZmyZY1cdnVC3P95Qi/8S93MYTRGLHofR+0DoSPHTZZKf28pkGuKcReYJn/n2BG4=,yes
jMsI+p61+hihD4Jn296xv7GBO/9WI3SK3B12pLjYxlTHNVYaNAVFuKe2U4rSqcHA20sEw6omcpByKkAbITdmTljCkNjbnxDkxe20KnYG31c=,no
kPbX0bYnhbFadYaWGn4+Fu8s7iyZTq98Y+MEa88hNZOec/40v8AKZOcyEMPPL54STy/R7ATUjhAiaPwABaAhsKgTZ85wOSDJiE4nOH23aFM=,yes
dozDMzicniuTsCxJgV54TQKbe+dTUW7e90v5FLUObBrUBMV0SnyuhAufrgPwdF3ooa3EALvIKnqdHp73fM7C8wfoLugQxzG327Nbg50hMQY=,no
g/DPPShOIKi+ywqo5FrQAC8gsexCIPbAib/0sXUre9lGUKyfoU/eKxvBgvUHtzn3jXEHbX9cgzZcbv/1dcsNHHUYPtLmXmw3LvVTlQNvi/4=,yes
TVW0F0RHZGXYt2RuzzGEOfAo0jAxR4aRVWx+LPPFDJr56Q/24xwckbJ0Vjn1RNQx0F7mR/M+yFGu8kVwcM4lhXNg7BDbrhhT7O3Wll0Ma9Q=,no
4DIGsUDay0YIV+BbLxor1SBVE7LIILAysn36t2LmGkpy58RIfTW1b9qGQt+Z62f1D/mkrbOV2dJ1w1YsokgeOOfkJiBKsdeUW2H08Mj0y6Y=,yes
Skr8v4MbBDn3tUz5QeMopeL9BJrOr9XcCw+EGwXzfajWVNKY4rhm7oTfqiZCH+MTKnYltECr/UoIJmvPgJNmrVZFCXuJOO2wmHJO26S+P6s=,no
yShUnw/zVIfH8zFWle2lAz6TkWrDeFT/sfaJqr/Q9SQsJzQSbM3pWtjM0to0ZkkYL3byFRHpsZk6AHbmPooDeAWbcpTSdn4pM/rDsjo++dE=,yes
Olj2i/bTh6oDMMRxGBfbUYZW6ZBPAGIDQviEYTgfgMUYVfO9Wyr2qNWrazreXCWJZouOhhSTQC710Ko/+ev3as3LiQ94RQgxpenmNoObc24=,no
54JnMw5eWpiWCsEQAoghS911/2+dDPgl6jtGIbIXEctWc1kn/M9gsWMuqvnxFl+v4NwVopAtFUEJNq5f2SWj+WegLaJmdhtVgci6h53ZJwA=,yes
faKWSC1pVTrV7mC9WR0DeEpXqduKsBQmWb1HRNpBGQlj1IR1ceScHnzBD5wXW6jKotoyxrzpfj4qWaEN74OQCSkXjlNJJq6fat0tTjbuE28=,no
T2L7JgUFygpnZe62T6LMRy0SL8aqRQCKiq7pyBKRG4jROJcw8HuH7qvr9ZQWkdj3ZfzbQa9eSciNItuz9/KtNdzL0Uojhcnp4vLZ+zgsu3M=,yes
1kvMvTijzUYIdvWA2wYS+aZfh95NSjXCtopjDraL6DjAn7VZHcnQ36FBH2tbnaiytHBXHGQDZ7KbLFlQjvjv13FCArr4R4Slh1nrsv0pMwI=,no
aK0pDo1Y3EiUFG6pwoqWWFh6HvXze5xPkVeLktDNrRVj03Ry25qh2oKrnbqFdeGdi29aO7dR0v+yvBKZBqBOFqhEk7VqDaBzG+GenBVVu58=,yes
U5qebqfdifMNjzYwb/ocLDibeZKCZSJ8x9w2jzfKH9/1DtKqrQADzt5vnGPfWlQ2ap6lCWI+9zltf7iYYTLLXXnqK7i/xCco9AWZIMImiXc=,no
R+5VwhZLuaJuJZIzSqtr/+f96VJC8p2LyZ5GFAm23njryha0nn981ke2YUJlvYsL84SW4/5JKa8inE+HVWaNmT2TAzx6gp4gPKyZHuvI1eE=,yes
yd2yoD9u0nmdK1xZTRfqUHVYome9x9i9mbZV05+DztLOJkh8Q8xoN8/TdPhlnA6wh9+moUpHBr4t/R5O5CZaMcqMcY/q2+Oo6llTkRisFl0=,no
OD9xWbPHSJpHR4BPg+Cyemiusj9O6Vx3yIqcMtTJV/bR1WyYKPGUz540FDSOwegesc3zuKeKzdF87rmRx3UmuKN+lXd7NuSvazzVvxh8KPU=,yes
tx08ds/ftSVR1Y0yxXmFjd9GNtneq/1YyeP/WJaocSIuOOzWZE3MydpK2ve/x6QYUxHhtCDtbu5t8HHgfpVV0F+MnBR2qHjXIXu8zWVEz8g=,no
DUmmR3hRCDIR+gi+FGpTSfgJTIi9oaCvEqx80qs02qzwcipimLR2T8Rw4ACvpJVND0gp2m1e7VRJqC+Rk1dCHDavgpfPtAszBhpU9mK0SgE=,yes
jjYJXEWHJaIux3qnvi3zVc+qGa9QfsvFj5JFY8W5/yccjQyiI/mJYW3eUyNGQJUJTJAZwVisP8zFI1EI35gzCYjpLhAsNHFV9unOe7HoI1Q=,no
itSS8w+H0o+JdU3Zwr12QFLyW73xWKFexgJTqIby4tVHBc3VOub6m5eZwXdmYUZsRjufeP87Eu7LJ7yFD0ZpCo1ILDFZrSrKtOciLuNAkY0=,yes
smk+LOmjg7yGFFdAyF73dpmgCzLfAz2Mi/U8G9zo3phr3I02uXY9Ti66Y/ZrTHgp/CuyNOZHq69rAJXmbm88xZQInGTJFHEEwFXCvod/k1k=,no
Up5VpcQWYqfkVn9/SNTaj530yB1TAhrwbyOZkAwKQACwN6cZw63o/HD/hS0eVHKbIgoIXPDWy2/ce7UztQebUghgkdQ/tFlSC0nClZgLLBc=,yes
F3VMVgumJXnR4TAfnnCMqbA2gYdMJNDpXnBzOBTZe1cgJrRq3GnONoH0CE1wxr1v2Iy/qgm42JFZBx0+TckHpWStDtLhydUcnzSagi15ni4=,no
dQOtvgXX/maGBiM0rdyP6J8ax02JwFT5YcENhhTSbRLwbVHTyg4yNdpB4f7f5n985A/Q/xEQpet1sLQ3nZkn/yj4G41jppGdK33/g+BrSYc=,yes
zhr9AmEew1Y+uI9jVV1Q5iiKDXzOl+k+ynHKdaVktE945YWKb0t6CE1TTZBF3Z8Z5xP/LlaY4qKzbJaU8+Xc/Msh8RMiZAPooyyniB9x2n8=,no
CeZ3eyP5pr7MsH1Wt8PHVVzA+jrm2S1HVeais4qC3mY5ZQmZoLMVY8WKkPAv1ZXu7D4MeXtBpOdDNVL8X62oTgo2ekDPY8PcNw88Ajfz0ik=,yes
EUbio2ud1d84xHbWAzVztcMx5O8BXzYQZ0TTNFIXHO6WXytxY5sgMrjeDr7MnXb0MEib9wUlemecP0STQ33J/EOhyEZYbd1zQIFHClROVm0=,no
+5Zng7x945cjt7XJkSjE1rFDeHwSkVsN+b7ZO8aMCJxnFR7EfRyr5rWJfFEDoBIqLSLmO1DkZRZAU5/jxqW4gKWcC0eJQxYEBjP52z75kfA=,yes
g6EOLucDumJz60dqXwBIr5BinqJXmHJe4nO0MYvfajevzH14S7yZyuXxalBprpcYWXyLgMpe3fPBoOhUUOXdlynxH8BL6cqs07qI6Y2C278=,no
0dRnExVg8nVU7FBSzeiTAWCsF3GpX1iPE2juupeW0iKjlhjBd1CvFCLmgtMfvA2uk8srKtxDOKQalwOkhhXGIhcI4Pm82zhl36HO9ZztwFE=,yes
RkfHeFkCOIsWvKB+6TC76ViioRXw664hsj8QbvubVt1erhS9JYrjV4Ql3E3J5WhBFdONSBG0U/w6gcEdUHxsQ4LXT6u/4+5zu3QSiki4Nc8=,no